0.0002,0,0.0002,0,0,0.0003,0
0.0006,0,0.0006,0.0411,3.75,0.0017,0.011
0.0014,0,0.0014,0.0786,3.9354,0.0045,0.0205
0.0026,0,0.0026,0.1262,5.0087,0.0091,0.03
0.0044,0,0.0044,0.1756,4.8186,0.0161,0.0403
0.0066,0,0.0066,0.2262,5.0748,0.0255,0.0502
0.0093,0,0.0093,0.2755,5.0379,0.037,0.06
0.0126,0,0.0126,0.3254,4.9153,0.0509,0.0702
0.0164,0,0.0164,0.3758,5.0397,0.0672,0.0802
0.0206,0,0.0206,0.4255,5.0266,0.0856,0.09
0.0254,0,0.0254,0.4755,4.9438,0.1063,0.1002
0.0306,0,0.0306,0.5258,5.0266,0.1295,0.1102
0.0364,0.0001,0.0364,0.5756,5.0199,0.1546,0.1201
0.0427,0.0001,0.0427,0.6257,4.9576,0.1821,0.1302
0.0494,0.0001,0.0494,0.676,5.0197,0.212,0.1402
0.0567,0.0001,0.0567,0.7259,5.0156,0.2438,0.1502
0.0644,0.0002,0.0644,0.7756,5.0125,0.2775,0.1601
0.0727,0.0002,0.0727,0.8255,4.9658,0.3135,0.1701
0.0814,0.0003,0.0814,0.8756,5.013,0.3518,0.1801
0.0906,0.0003,0.0906,0.9255,5.0108,0.3919,0.1901
0.1004,0.0004,0.1004,0.9756,4.9713,0.4343,0.2001
0.1106,0.0005,0.1106,1.0254,5.0475,0.4785,0.21
0.1213,0.0006,0.1213,1.0751,4.9716,0.5244,0.22
0.1327,0.0007,0.1327,1.1254,4.9752,0.5729,0.2301
0.1444,0.0008,0.1444,1.1754,5.0412,0.6231,0.24
0.1566,0.001,0.1567,1.2253,4.9753,0.675,0.2501
0.1694,0.0011,0.1694,1.2754,5.007,0.7289,0.2601
0.1826,0.0013,0.1826,1.3254,5.006,0.7845,0.2701
0.1963,0.0015,0.1963,1.3752,5.0051,0.8417,0.28
0.2106,0.0017,0.2107,1.4253,4.9782,0.9008,0.2901
0.2254,0.002,0.2255,1.4754,5.0054,0.9618,0.3001
0.2405,0.0023,0.2406,1.5253,5.0295,1.024,0.31
0.2563,0.0026,0.2563,1.5751,4.9786,1.0877,0.32
0.2727,0.0029,0.2727,1.6252,4.9804,1.1535,0.3301
0.2894,0.0032,0.2894,1.6753,5.0268,1.2207,0.34
0.3065,0.0036,0.3066,1.7252,5.0024,1.289,0.35
0.3243,0.0041,0.3244,1.7752,4.9807,1.3589,0.36
0.3426,0.0045,0.3427,1.8253,5.0027,1.4304,0.3701
0.3613,0.005,0.3613,1.8752,5.0227,1.5029,0.38
0.3805,0.0055,0.3806,1.9251,4.9811,1.5766,0.39
0.4003,0.0061,0.4004,1.9751,5.0015,1.6518,0.4
0.4205,0.0067,0.4206,2.0252,5.0012,1.7281,0.41
0.4413,0.0074,0.4414,2.0752,5.0009,1.8055,0.42
0.4625,0.0081,0.4626,2.1251,5.0006,1.884,0.43
0.4842,0.0088,0.4843,2.1751,5.0004,1.9635,0.44
0.5065,0.0096,0.5066,2.2251,5.0001,2.044,0.45
0.5292,0.0104,0.5293,2.2751,4.9999,2.1254,0.46
0.5524,0.0113,0.5526,2.3251,4.9997,2.2076,0.47
0.5761,0.0123,0.5763,2.375,4.9995,2.2907,0.48
0.6004,0.0133,0.6006,2.425,4.9993,2.3747,0.49
0.6251,0.0144,0.6253,2.4751,4.9992,2.4593,0.5
0.6504,0.0155,0.6506,2.5251,4.999,2.5447,0.51
0.6761,0.0167,0.6764,2.5751,4.9989,2.6307,0.52
0.7024,0.0179,0.7027,2.6252,4.9988,2.7174,0.53
0.729,0.0192,0.7293,2.6752,5.0133,2.8043,0.54
0.7563,0.0206,0.7567,2.7252,4.9837,2.8918,0.55
0.784,0.022,0.7844,2.7752,5.0126,2.9798,0.56
0.8122,0.0235,0.8126,2.8251,4.9979,3.068,0.57
0.8409,0.0251,0.8413,2.8751,4.9978,3.1566,0.58
0.8701,0.0268,0.8706,2.9251,4.9977,3.2455,0.59
0.8998,0.0285,0.9004,2.9752,4.9977,3.3347,0.6
0.9299,0.0303,0.9306,3.0251,5.0107,3.424,0.61
0.9608,0.0322,0.9615,3.0752,4.9843,3.5135,0.62
0.9919,0.0342,0.9927,3.1253,5.0102,3.6031,0.63
1.0236,0.0362,1.0245,3.1753,4.9971,3.6927,0.64
1.0557,0.0383,1.0566,3.2252,5.0095,3.7821,0.65
1.0883,0.0405,1.0893,3.2751,4.9967,3.8713,0.66
1.1217,0.0429,1.1227,3.3251,4.9847,3.9608,0.67
1.1552,0.0452,1.1563,3.3752,5.0209,4.05,0.68
1.1894,0.0477,1.1907,3.4251,4.9847,4.1389,0.69
1.2241,0.0503,1.2254,3.4751,5.0083,4.2276,0.7
1.2592,0.0529,1.2606,3.5251,4.9964,4.316,0.71
1.2949,0.0557,1.2965,3.5752,4.9964,4.4042,0.72
1.331,0.0585,1.3327,3.6252,5.0076,4.4919,0.73
1.3677,0.0614,1.3694,3.6752,4.9962,4.5791,0.74
1.4047,0.0645,1.4066,3.7251,5.0071,4.6658,0.75
1.4424,0.0676,1.4445,3.7751,4.9852,4.7521,0.76
1.4804,0.0708,1.4826,3.8251,5.0177,4.8378,0.77
1.5191,0.0741,1.5214,3.8751,4.9853,4.9228,0.78
1.5582,0.0776,1.5606,3.9251,5.0065,5.0074,0.79
1.5978,0.0811,1.6004,3.9752,4.9959,5.0911,0.8
1.6379,0.0847,1.6406,4.0252,5.0062,5.1742,0.81
1.6785,0.0885,1.6814,4.0751,4.9958,5.2564,0.82
1.7195,0.0923,1.7226,4.1251,5.0058,5.3378,0.83
1.761,0.0962,1.7643,4.175,4.9957,5.4183,0.84
1.8031,0.1003,1.8066,4.2251,4.9957,5.4981,0.85
1.8457,0.1044,1.8494,4.2751,5.0055,5.5769,0.86
1.8887,0.1087,1.8927,4.3251,4.9957,5.6547,0.87
1.9322,0.1131,1.9364,4.3751,5.0053,5.7315,0.88
1.9763,0.1176,1.9806,4.4251,4.9956,5.8072,0.89
2.0207,0.1221,2.0253,4.4751,5.005,5.8819,0.9
2.0658,0.1268,2.0706,4.5251,4.9956,5.9554,0.91
2.1114,0.1316,2.1165,4.5751,4.9957,6.0278,0.92
2.1574,0.1366,2.1627,4.6252,5.0048,6.0991,0.93
2.2038,0.1416,2.2094,4.6751,5.0047,6.169,0.94
2.2507,0.1467,2.2566,4.7251,4.9956,6.2376,0.95
2.2983,0.152,2.3045,4.7751,4.9957,6.305,0.96
2.3462,0.1573,2.3527,4.8252,5.0045,6.3711,0.97
2.3946,0.1628,2.4014,4.8751,5.0044,6.4356,0.98
2.4435,0.1683,2.4506,4.9251,4.9957,6.4988,0.99
2.493,0.174,2.5005,4.9751,4.9958,6.5606,1
2.5429,0.1798,2.5507,5.0252,5.0043,6.6209,1.01
2.5932,0.1857,2.6014,5.0751,5.0042,6.6795,1.02
2.6441,0.1917,2.6526,5.1251,4.9958,6.7366,1.03
2.6956,0.1979,2.7044,5.1751,4.9959,6.7922,1.04
2.7475,0.2041,2.7567,5.2251,5.0042,6.8461,1.05
2.7997,0.2104,2.8093,5.2751,5.0041,6.8982,1.06
2.8528,0.2169,2.8627,5.3251,4.9879,6.9488,1.07
2.906,0.2234,2.9164,5.3751,5.0122,6.9975,1.08
2.9598,0.2301,2.9706,5.4251,4.9961,7.0444,1.09
3.0142,0.2368,3.0254,5.4751,4.9962,7.0895,1.1
3.069,0.2437,3.0806,5.5251,5.0041,7.1327,1.11
3.1244,0.2506,3.1364,5.5751,4.9963,7.1741,1.12
3.1801,0.2577,3.1926,5.6251,5.0041,7.2134,1.13
3.2365,0.2649,3.2494,5.6751,4.9965,7.2508,1.14
3.2932,0.2721,3.3066,5.7251,5.0041,7.2861,1.15
3.3505,0.2795,3.3644,5.7751,4.9966,7.3194,1.16
3.4083,0.287,3.4227,5.8251,4.9967,7.3505,1.17
3.4666,0.2945,3.4815,5.8751,5.0043,7.3795,1.18
3.5252,0.3021,3.5406,5.9251,5.0042,7.4063,1.19
3.5846,0.3099,3.6005,5.9751,4.9897,7.4308,1.2
3.6442,0.3177,3.6606,6.0251,5.0117,7.453,1.21
3.7045,0.3256,3.7214,6.0751,4.99,7.4729,1.22
3.7652,0.3336,3.7827,6.1251,5.0045,7.4903,1.23
3.8265,0.3416,3.8444,6.1751,4.9974,7.5054,1.24
3.8881,0.3498,3.9066,6.2251,5.0046,7.5179,1.25
3.9503,0.358,3.9694,6.275,4.9976,7.5279,1.26
4.0131,0.3663,4.0326,6.325,4.9978,7.5353,1.27
4.0764,0.3747,4.0965,6.3751,4.9979,7.5401,1.28
4.14,0.3831,4.1607,6.4251,5.0049,7.5421,1.29
4.2042,0.3916,4.2254,6.4751,4.9982,7.5413,1.3
4.2689,0.4001,4.2907,6.5251,4.9983,7.5378,1.31
4.334,0.4088,4.3564,6.5751,5.0051,7.5313,1.32
4.3997,0.4174,4.4226,6.625,4.9986,7.5219,1.33
4.466,0.4262,4.4895,6.6751,4.9922,7.5094,1.34
4.5327,0.4349,4.5567,6.7251,5.0055,7.4939,1.35
4.5997,0.4437,4.6243,6.7751,5.0055,7.4752,1.36
4.6674,0.4526,4.6926,6.825,4.9928,7.4533,1.37
4.7356,0.4615,4.7614,6.8751,4.9994,7.428,1.38
4.8043,0.4704,4.8307,6.9251,4.9996,7.3994,1.39
4.8734,0.4793,4.9004,6.9751,5.0061,7.3672,1.4
4.9432,0.4883,4.9707,7.0251,4.9937,7.3316,1.41
5.0132,0.4973,5.0413,7.075,5.0063,7.2922,1.42
5.0839,0.5063,5.1126,7.125,4.9941,7.2492,1.43
5.1551,0.5153,5.1844,7.175,5.0005,7.2022,1.44
5.2268,0.5243,5.2566,7.225,5.0007,7.1514,1.45
5.299,0.5332,5.3294,7.275,5.0009,7.0964,1.46
5.3718,0.5422,5.4027,7.325,4.9952,7.0373,1.47
5.4449,0.5512,5.4763,7.375,5.0073,6.974,1.48
5.5186,0.5601,5.5506,7.425,4.9957,6.9063,1.49
5.5929,0.569,5.6255,7.475,4.996,6.834,1.5
5.6675,0.5778,5.7006,7.525,5.0079,6.757,1.51
5.7428,0.5867,5.7763,7.575,4.9965,6.6754,1.52
5.8186,0.5954,5.8527,7.625,4.9969,6.5887,1.53
5.8948,0.6041,5.9294,7.675,5.0028,6.497,1.54
5.9716,0.6127,6.0067,7.725,4.9975,6.4,1.55
6.0489,0.6212,6.0844,7.775,5.0034,6.2976,1.56
6.1266,0.6297,6.1626,7.825,4.9981,6.1897,1.57
6.205,0.638,6.2414,7.875,4.9985,6.0759,1.58
6.2839,0.6462,6.3207,7.925,4.9988,5.9561,1.59
6.3631,0.6543,6.4004,7.975,5.0045,5.8303,1.6
6.4428,0.6623,6.4804,8,2.4923,5.6983,1.61
6.5224,0.67,6.5604,8,-0.0002,5.5604,1.62
6.602,0.6776,6.6404,8,-0.0002,5.4166,1.63
6.6815,0.6849,6.7202,7.982,-1.7972,5.267,1.64
6.7606,0.692,6.7996,7.9326,-4.9385,5.112,1.65
6.8391,0.6988,6.8785,7.8825,-5.0015,4.9516,1.66
6.9172,0.7053,6.9568,7.8325,-5.0017,4.7862,1.67
6.9947,0.7116,7.0345,7.7825,-5.0018,4.6157,1.68
7.0718,0.7176,7.1119,7.7325,-4.9966,4.4398,1.69
7.1484,0.7233,7.1887,7.6825,-5.0021,4.2585,1.7
7.2245,0.7287,7.265,7.6325,-5.0022,4.0721,1.71
7.3001,0.7338,7.3408,7.5826,-4.9969,3.8802,1.72
7.3754,0.7387,7.4162,7.5325,-4.997,3.6826,1.73
7.45,0.7432,7.4909,7.4825,-5.0081,3.4797,1.74
7.5243,0.7474,7.5654,7.4325,-4.9916,3.2712,1.75
7.5979,0.7514,7.6391,7.3825,-5.0083,3.0571,1.76
7.6713,0.755,7.7125,7.3325,-4.9918,2.8373,1.77
7.7439,0.7583,7.7852,7.2825,-5.0086,2.6118,1.78
7.8163,0.7613,7.8577,7.2325,-4.9919,2.3806,1.79
7.888,0.764,7.9295,7.1825,-5.0031,2.1432,1.8
7.9593,0.7664,8.0008,7.1325,-5.0032,1.9002,1.81
8.0301,0.7684,8.0716,7.0825,-4.9977,1.6512,1.82
8.1004,0.7701,8.142,7.0325,-4.9977,1.3959,1.83
8.1702,0.7715,8.2118,6.9825,-5.0034,1.1345,1.84
8.2396,0.7726,8.2811,6.9325,-4.9978,0.867,1.85
8.3083,0.7733,8.3499,6.8825,-5.0036,0.5932,1.86
8.3766,0.7737,8.4182,6.8325,-4.9979,0.3132,1.87
8.4445,0.7737,8.4861,6.7825,-4.9979,0.0264,1.88
8.5118,0.7734,8.5533,6.7325,-5.0037,-0.2667,1.89
8.5786,0.7727,8.6202,6.6825,-4.9979,-0.5665,1.9
8.645,0.7717,8.6866,6.6325,-4.9979,-0.8731,1.91
8.7108,0.7703,8.7523,6.5825,-5.0038,-1.1865,1.92
8.7761,0.7686,8.8177,6.5325,-4.998,-1.5066,1.93
8.8408,0.7665,8.8824,6.4826,-5.0038,-1.8335,1.94
8.9052,0.7641,8.9469,6.4325,-4.9921,-2.1678,1.95
8.969,0.7613,9.0107,6.3825,-5.0038,-2.5094,1.96
9.0321,0.7582,9.074,6.3325,-5.0038,-2.8578,1.97
9.0948,0.7546,9.1368,6.2826,-4.9979,-3.2133,1.98
9.1571,0.7507,9.1991,6.2326,-4.9978,-3.5765,1.99
9.2187,0.7465,9.2609,6.1826,-5.0037,-3.947,2
9.28,0.7419,9.3223,6.1325,-4.9917,-4.3255,2.01
9.3405,0.7369,9.3831,6.0825,-5.0097,-4.7114,2.02
9.4005,0.7315,9.4434,6.0326,-4.9976,-5.1045,2.03
9.4601,0.7258,9.5032,5.9826,-4.9975,-5.5057,2.04
9.5192,0.7196,9.5626,5.9325,-4.9974,-5.9152,2.05
9.5777,0.7132,9.6214,5.8825,-5.0034,-6.3325,2.06
9.6355,0.7063,9.6797,5.8325,-5.0033,-6.7573,2.07
9.6929,0.6991,9.7375,5.7826,-4.997,-7.19,2.08
9.7498,0.6914,9.7949,5.7326,-4.9969,-7.6314,2.09
9.806,0.6835,9.8517,5.6825,-5.0029,-8.0809,2.1
9.8616,0.6751,9.908,5.6326,-5.0028,-8.538,2.11
9.9168,0.6664,9.9638,5.5826,-4.9964,-9.0034,2.12
9.9714,0.6572,10.0192,5.5326,-4.9962,-9.4778,2.13
10.0255,0.6478,10.0741,5.4825,-5.0023,-9.9605,2.14
10.0789,0.6379,10.1284,5.4325,-5.0021,-10.4511,2.15
10.1317,0.6277,10.1821,5.3825,-5.002,-10.9496,2.16
10.184,0.6171,10.2355,5.3325,-4.9954,-11.4565,2.17
10.2357,0.6061,10.2883,5.2825,-5.0015,-11.9721,2.18
10.2867,0.5948,10.3406,5.2325,-5.0013,-12.4955,2.19
10.3372,0.5831,10.3924,5.1826,-5.0011,-13.0269,2.2
10.3871,0.5711,10.4438,5.1326,-4.9943,-13.5668,2.21
10.4364,0.5587,10.4947,5.0825,-5.0005,-14.1154,2.22
10.485,0.546,10.5449,5.0326,-5.0068,-14.6711,2.23
10.5332,0.5329,10.5948,4.9826,-4.9933,-15.2347,2.24
10.5807,0.5194,10.6441,4.9325,-4.9996,-15.8069,2.25
10.6274,0.5057,10.6929,4.8826,-5.0059,-16.386,2.26
10.6737,0.4915,10.7413,4.8326,-4.9922,-16.9728,2.27
10.7193,0.4771,10.7891,4.7825,-5.0053,-17.5672,2.28
10.7643,0.4623,10.8364,4.7326,-4.9982,-18.1684,2.29
10.8086,0.4473,10.8833,4.6825,-4.9978,-18.7769,2.3
10.8523,0.4319,10.9295,4.6327,-4.986,-19.3919,2.31
10.8954,0.4162,10.9754,4.5841,-4.8677,-20.0133,2.32
10.9378,0.4002,11.0208,4.5367,-4.7275,-20.6417,2.33
10.9796,0.3839,11.0656,4.4909,-4.5952,-21.276,2.34
11.0209,0.3673,11.1102,4.4463,-4.4454,-21.9172,2.35
11.0616,0.3504,11.1541,4.4032,-4.3222,-22.5649,2.36
11.1016,0.3333,11.1977,4.3614,-4.1821,-23.2181,2.37
11.1412,0.3157,11.241,4.3208,-4.0436,-23.8785,2.38
11.1801,0.298,11.2838,4.2816,-3.9237,-24.545,2.39
11.2185,0.2799,11.3262,4.2438,-3.788,-25.2164,2.4
11.2564,0.2615,11.3683,4.2072,-3.6539,-25.8945,2.41
11.2937,0.2428,11.4101,4.1719,-3.5315,-26.5791,2.42
11.3305,0.2238,11.4515,4.1378,-3.4049,-27.269,2.43
11.3667,0.2046,11.4925,4.105,-3.2794,-27.964,2.44
11.4024,0.1851,11.5332,4.0735,-3.155,-28.6638,2.45
11.4377,0.1653,11.5736,4.0433,-3.027,-29.3692,2.46
11.4725,0.1451,11.6138,4.0142,-2.9045,-30.0811,2.47
11.5066,0.1247,11.6536,3.9863,-2.7914,-30.7972,2.48
11.5405,0.104,11.6933,3.9597,-2.6581,-31.5182,2.49
11.5736,0.0831,11.7325,3.9342,-2.5499,-32.2439,2.5
11.6065,0.0617,11.7717,3.91,-2.4192,-32.974,2.51
11.6388,0.0402,11.8105,3.8869,-2.3078,-33.7095,2.52
11.6707,0.0183,11.8492,3.8651,-2.1863,-34.4489,2.53
11.7021,-0.0038,11.8876,3.8444,-2.0722,-35.1919,2.54
11.733,-0.0263,11.9258,3.8248,-1.9524,-35.9382,2.55
11.7636,-0.049,11.9639,3.8065,-1.8363,-36.6888,2.56
11.7937,-0.072,12.0018,3.7893,-1.7207,-37.4433,2.57
11.8233,-0.0954,12.0396,3.7732,-1.6056,-38.2014,2.58
11.8526,-0.1191,12.0772,3.7583,-1.4908,-38.9629,2.59
11.8813,-0.1429,12.1146,3.7445,-1.3788,-39.7263,2.6
11.9098,-0.1672,12.1519,3.7319,-1.2608,-40.4924,2.61
11.9378,-0.1918,12.1892,3.7204,-1.1494,-41.2621,2.62
11.9652,-0.2165,12.2262,3.71,-1.038,-42.0328,2.63
11.9924,-0.2417,12.2632,3.7008,-0.9221,-42.8052,2.64
12.0192,-0.2672,12.3001,3.6927,-0.8113,-43.5803,2.65
12.0455,-0.2929,12.337,3.6857,-0.6991,-44.3565,2.66
12.0715,-0.319,12.3738,3.6798,-0.5862,-45.1349,2.67
12.0971,-0.3455,12.4106,3.6751,-0.4754,-45.9149,2.68
12.1223,-0.3722,12.4473,3.6714,-0.3639,-46.6952,2.69
12.147,-0.3992,12.484,3.6689,-0.2526,-47.4752,2.7
12.1715,-0.4266,12.5207,3.6675,-0.1413,-48.256,2.71
12.1955,-0.4542,12.5573,3.6672,-0.0306,-49.0373,2.72
12.2192,-0.4823,12.594,3.668,0.0802,-49.8186,2.73
12.2425,-0.5106,12.6307,3.6699,0.1911,-50.5998,2.74
12.2654,-0.5394,12.6675,3.6729,0.3013,-51.3804,2.75
12.288,-0.5684,12.7042,3.677,0.4124,-52.1601,2.76
12.3102,-0.5978,12.7411,3.6823,0.5222,-52.9386,2.77
12.332,-0.6275,12.7779,3.6886,0.6335,-53.7156,2.78
12.3534,-0.6575,12.8149,3.696,0.7428,-54.4908,2.79
12.3745,-0.688,12.8519,3.7046,0.8531,-55.2651,2.8
12.3953,-0.7189,12.8891,3.7142,0.9636,-56.0383,2.81
12.4157,-0.75,12.9263,3.725,1.0759,-56.8087,2.82
12.4357,-0.7815,12.9637,3.7368,1.1846,-57.5761,2.83
12.4554,-0.8134,13.0012,3.7498,1.2952,-58.3414,2.84
12.4747,-0.8458,13.0389,3.7638,1.406,-59.1044,2.85
12.4937,-0.8784,13.0766,3.779,1.5193,-59.8634,2.86
12.5123,-0.9115,13.1146,3.7953,1.625,-60.6196,2.87
12.5305,-0.9449,13.1526,3.8126,1.7417,-61.3726,2.88
12.5485,-0.9788,13.191,3.8311,1.8471,-62.1221,2.89
12.5661,-1.0131,13.2296,3.8508,1.9617,-62.8692,2.9
12.5832,-1.0477,13.2682,3.8715,2.0768,-63.611,2.91
12.6001,-1.0829,13.3072,3.8934,2.1817,-64.3487,2.92
12.6166,-1.1183,13.3462,3.9163,2.3012,-65.0819,2.93
12.6327,-1.1543,13.3857,3.9404,2.4057,-65.8106,2.94
12.6485,-1.1907,13.4253,3.9656,2.5222,-66.5355,2.95
12.664,-1.2276,13.4654,3.992,2.6309,-67.2565,2.96
12.6791,-1.2648,13.5055,4.0195,2.7531,-67.9723,2.97
12.6937,-1.3024,13.5459,4.048,2.862,-68.6814,2.98
12.7081,-1.3406,13.5867,4.0778,2.9708,-69.3861,2.99
12.7221,-1.3792,13.6278,4.1087,3.0898,-70.086,3
12.7357,-1.4184,13.6693,4.1407,3.1991,-70.7811,3.01
12.749,-1.458,13.711,4.1739,3.3193,-71.4712,3.02
12.7619,-1.498,13.7531,4.2083,3.4347,-72.155,3.03
12.7744,-1.5385,13.7955,4.2437,3.5502,-72.8323,3.04
12.7866,-1.5796,13.8383,4.2803,3.6601,-73.5042,3.05
12.7983,-1.6211,13.8814,4.3181,3.7825,-74.1704,3.06
12.8098,-1.6632,13.9251,4.3571,3.893,-74.831,3.07
12.8208,-1.7057,13.969,4.3972,4.0166,-75.4856,3.08
12.8314,-1.7489,14.0134,4.4386,4.1276,-76.1343,3.09
12.8417,-1.7925,14.0582,4.4811,4.2525,-76.777,3.1
12.8515,-1.8367,14.1035,4.5248,4.3642,-77.4134,3.11
12.861,-1.8814,14.1492,4.5696,4.4904,-78.0437,3.12
12.8701,-1.9266,14.1954,4.6157,4.6026,-78.6675,3.13
12.8787,-1.9724,14.242,4.6629,4.7301,-79.285,3.14
12.887,-2.0188,14.2891,4.7114,4.8429,-79.896,3.15
12.8948,-2.0657,14.3366,4.7609,4.9638,-80.5005,3.16
12.9023,-2.1132,14.3847,4.8109,4.9963,-81.0985,3.17
12.9093,-2.1614,14.4334,4.8609,4.9963,-81.6907,3.18
12.9159,-2.21,14.4825,4.911,5.0039,-82.2763,3.19
12.9221,-2.2592,14.532,4.9609,5.0034,-82.8543,3.2
12.9278,-2.309,14.5822,5.0109,4.995,-83.4256,3.21
12.9331,-2.3593,14.6328,5.0609,5.0026,-83.9901,3.22
12.938,-2.4103,14.684,5.111,4.9942,-84.548,3.23
12.9424,-2.4616,14.7355,5.161,5.0098,-85.0983,3.24
12.9464,-2.5136,14.7877,5.211,4.9934,-85.641,3.25
12.9499,-2.5662,14.8403,5.261,5.0011,-86.1771,3.26
12.9529,-2.619,14.8933,5.311,5.0087,-86.7049,3.27
12.9555,-2.6726,14.9469,5.3609,4.9924,-87.2253,3.28
12.9576,-2.7267,15.0011,5.4109,5.0001,-87.7391,3.29
12.9593,-2.7813,15.0557,5.461,4.9998,-88.2457,3.3
12.9605,-2.8365,15.1109,5.511,4.9995,-88.745,3.31
12.9613,-2.892,15.1664,5.561,5.0072,-89.2364,3.32
12.9615,-2.9482,15.2226,5.611,4.991,-89.7206,3.33
12.9617,-3.0047,15.2791,5.6607,4.98,-89.8497,3.34
12.9622,-3.0618,15.3362,5.7106,4.9931,-89.4924,3.35
12.9631,-3.1194,15.3939,5.7606,4.9969,-89.1203,3.36
12.9644,-3.1774,15.4519,5.8106,5.0055,-88.7366,3.37
12.9661,-3.2361,15.5106,5.8606,4.9915,-88.3401,3.38
12.9682,-3.2951,15.5697,5.9107,5.0073,-87.9307,3.39
12.9708,-3.3546,15.6292,5.9436,3.2932,-87.5084,3.4
12.9738,-3.4135,15.6882,5.9023,-4.1349,-87.0761,3.41
12.9772,-3.4718,15.7466,5.8524,-5.0018,-86.6371,3.42
12.9811,-3.5298,15.8046,5.8024,-4.9945,-86.1909,3.43
12.9853,-3.5871,15.8621,5.7524,-5.0014,-85.7373,3.44
12.99,-3.6441,15.9193,5.7024,-4.9941,-85.2762,3.45
12.9952,-3.7003,15.9757,5.6524,-5.0081,-84.808,3.46
13.0007,-3.7561,16.0318,5.6024,-4.9937,-84.3328,3.47
13.0066,-3.8112,16.0872,5.5524,-5.0077,-83.8505,3.48
13.013,-3.8659,16.1423,5.5025,-4.9932,-83.361,3.49
13.0198,-3.92,16.1968,5.4524,-5,-82.8634,3.5
13.027,-3.9736,16.2509,5.4024,-4.9998,-82.3584,3.51
13.0346,-4.0266,16.3044,5.3524,-4.9995,-81.846,3.52
13.0426,-4.079,16.3575,5.3024,-4.9992,-81.326,3.53
13.0509,-4.1308,16.4099,5.2524,-5.006,-80.7991,3.54
13.0597,-4.1821,16.462,5.2024,-4.9914,-80.2645,3.55
13.0689,-4.2328,16.5135,5.1524,-5.0053,-79.7223,3.56
13.0785,-4.2829,16.5645,5.1024,-4.9978,-79.173,3.57
13.0885,-4.3325,16.6151,5.0524,-4.9974,-78.6159,3.58
13.0988,-4.3814,16.665,5.0024,-5.0042,-78.0518,3.59
13.1096,-4.4297,16.7146,4.9524,-4.9966,-77.4806,3.6
13.1207,-4.4774,16.7635,4.9025,-5.0033,-76.9023,3.61
13.1322,-4.5246,16.8121,4.8525,-4.9957,-76.317,3.62
13.144,-4.5712,16.8602,4.8024,-4.9953,-75.7238,3.63
13.1562,-4.6171,16.9077,4.7524,-5.0092,-75.1244,3.64
13.1688,-4.6624,16.9547,4.7025,-4.9914,-74.5188,3.65
13.1817,-4.7071,17.0012,4.6531,-4.9367,-73.9063,3.66
13.1949,-4.7512,17.0472,4.605,-4.8188,-73.2877,3.67
13.2085,-4.7948,17.0929,4.558,-4.6921,-72.6623,3.68
13.2224,-4.8377,17.138,4.5122,-4.5794,-72.0301,3.69
13.2367,-4.88,17.1827,4.4676,-4.4604,-71.3921,3.7
13.2513,-4.9218,17.227,4.4242,-4.3356,-70.7475,3.71
13.2662,-4.9629,17.2707,4.382,-4.2302,-70.0972,3.72
13.2814,-5.0037,17.3142,4.341,-4.0944,-69.4405,3.73
13.297,-5.0437,17.3571,4.3011,-3.9952,-68.7774,3.74
13.3129,-5.0832,17.3997,4.2624,-3.867,-68.1091,3.75
13.3291,-5.1223,17.442,4.2249,-3.751,-67.4336,3.76
13.3456,-5.1608,17.4839,4.1885,-3.6406,-66.7521,3.77
13.3625,-5.1987,17.5254,4.1533,-3.5252,-66.0658,3.78
13.3797,-5.2362,17.5667,4.1192,-3.4,-65.3726,3.79
13.3971,-5.2731,17.6075,4.0862,-3.3003,-64.6739,3.8
13.4149,-5.3095,17.648,4.0545,-3.1763,-63.9708,3.81
13.433,-5.3455,17.6883,4.0238,-3.0626,-63.2615,3.82
13.4514,-5.3809,17.7282,3.9943,-2.9535,-62.547,3.83
13.4701,-5.4159,17.7678,3.966,-2.836,-61.8276,3.84
13.4892,-5.4504,17.8073,3.9387,-2.7232,-61.1025,3.85
13.5086,-5.4844,17.8464,3.9126,-2.6105,-60.3718,3.86
13.5282,-5.518,17.8853,3.8876,-2.5019,-59.6368,3.87
13.5482,-5.551,17.9239,3.8637,-2.3861,-58.8977,3.88
13.5684,-5.5836,17.9623,3.841,-2.2778,-58.1548,3.89
13.589,-5.6158,18.0005,3.8193,-2.1597,-57.4072,3.9
13.6099,-5.6475,18.0385,3.7988,-2.0548,-56.6551,3.91
13.6311,-5.6789,18.0763,3.7794,-1.9376,-55.8987,3.92
13.6526,-5.7097,18.1139,3.7611,-1.8324,-55.1384,3.93
13.6744,-5.7401,18.1513,3.7439,-1.7189,-54.3755,3.94
13.6965,-5.7701,18.1886,3.7278,-1.6084,-53.6091,3.95
13.7189,-5.7998,18.2258,3.7129,-1.4958,-52.8384,3.96
13.7417,-5.8289,18.2627,3.699,-1.3898,-52.0648,3.97
13.7647,-5.8577,18.2996,3.6862,-1.2775,-51.2897,3.98
13.7881,-5.8861,18.3364,3.6745,-1.1658,-50.5112,3.99
13.8117,-5.914,18.3729,3.664,-1.0592,-49.7306,4
13.8357,-5.9415,18.4095,3.6545,-0.9463,-48.9483,4.01
13.86,-5.9687,18.4459,3.6461,-0.838,-48.1634,4.02
13.8847,-5.9955,18.4824,3.6388,-0.727,-47.3762,4.03
13.9097,-6.0218,18.5187,3.6327,-0.6193,-46.5882,4.04
13.9349,-6.0479,18.5549,3.6276,-0.5079,-45.7998,4.05
13.9606,-6.0735,18.5912,3.6236,-0.3983,-45.0089,4.06
13.9866,-6.0988,18.6275,3.6207,-0.289,-44.217,4.07
14.0128,-6.1236,18.6636,3.6189,-0.1791,-43.4255,4.08
14.0395,-6.1482,18.6998,3.6182,-0.0691,-42.6338,4.09
14.0664,-6.1723,18.736,3.6186,0.0407,-41.842,4.1
14.0937,-6.1961,18.7722,3.6201,0.1506,-41.0506,4.11
14.1213,-6.2195,18.8084,3.6227,0.2609,-40.2597,4.12
14.1493,-6.2425,18.8447,3.6264,0.3707,-39.4699,4.13
14.1777,-6.2652,18.881,3.6312,0.4809,-38.6802,4.14
14.2064,-6.2875,18.9173,3.6372,0.5922,-37.8921,4.15
14.2355,-6.3096,18.9538,3.6442,0.701,-37.1049,4.16
14.2649,-6.3312,18.9904,3.6523,0.8141,-36.3187,4.17
14.2947,-6.3525,19.027,3.6616,0.9241,-35.5352,4.18
14.3248,-6.3734,19.0636,3.6719,1.0369,-34.7546,4.19
14.3554,-6.394,19.1005,3.6834,1.1452,-33.9761,4.2
14.3864,-6.4142,19.1375,3.696,1.2588,-33.1988,4.21
14.4176,-6.4341,19.1745,3.7097,1.3729,-32.4254,4.22
14.4493,-6.4536,19.2118,3.7245,1.4813,-31.655,4.23
14.4815,-6.4729,19.2492,3.7405,1.5963,-30.8868,4.24
14.514,-6.4917,19.2868,3.7576,1.7096,-30.1223,4.25
14.5469,-6.5102,19.3246,3.7758,1.8232,-29.3616,4.26
14.5802,-6.5284,19.3625,3.7952,1.9372,-28.6051,4.27
14.6139,-6.5462,19.4006,3.8157,2.0516,-27.8531,4.28
14.648,-6.5637,19.439,3.8373,2.1634,-27.1047,4.29
14.6826,-6.5808,19.4776,3.8601,2.2818,-26.3603,4.3
14.7177,-6.5976,19.5165,3.8841,2.3945,-25.6201,4.31
14.7531,-6.6141,19.5556,3.9092,2.5143,-24.8843,4.32
14.789,-6.6302,19.5949,3.9355,2.6314,-24.1542,4.33
14.8254,-6.6459,19.6345,3.963,2.7452,-23.4291,4.34
14.8623,-6.6614,19.6745,3.9917,2.8633,-22.7081,4.35
14.8995,-6.6764,19.7147,4.0215,2.9862,-21.9926,4.36
14.9372,-6.6911,19.7552,4.0525,3.1057,-21.2836,4.37
14.9755,-6.7055,19.7961,4.0847,3.2172,-20.5795,4.38
15.0143,-6.7195,19.8372,4.1182,3.347,-19.8805,4.39
15.0535,-6.7331,19.8788,4.1529,3.4642,-19.1876,4.4
15.0932,-6.7464,19.9206,4.1887,3.5913,-18.5012,4.41
15.1334,-6.7594,19.9629,4.2258,3.7048,-17.8204,4.42
15.1741,-6.7719,20.0055,4.2642,3.8389,-17.1454,4.43
15.2154,-6.7841,20.0485,4.3037,3.9589,-16.4773,4.44
15.2572,-6.796,20.092,4.3446,4.0795,-15.8144,4.45
15.2995,-6.8074,20.1359,4.3867,4.2174,-15.1579,4.46
15.3425,-6.8185,20.1802,4.4301,4.3343,-14.5079,4.47
15.3859,-6.8293,20.2249,4.4748,4.4748,-13.8644,4.48
15.4299,-6.8396,20.2701,4.5208,4.5933,-13.2277,4.49
15.4745,-6.8496,20.3158,4.5681,4.7305,-12.597,4.5
15.5196,-6.8591,20.362,4.6167,4.863,-11.9733,4.51
15.5654,-6.8683,20.4087,4.6664,4.9704,-11.3559,4.52
15.6117,-6.8771,20.4558,4.7164,5.008,-10.7456,4.53
15.6586,-6.8855,20.5034,4.7664,4.995,-10.1426,4.54
15.7061,-6.8935,20.5516,4.8164,5.0009,-9.5462,4.55
15.7542,-6.9011,20.6002,4.8664,5.0005,-8.9572,4.56
15.8029,-6.9083,20.6495,4.9164,4.994,-8.3749,4.57
15.8521,-6.915,20.6992,4.9665,5.0059,-7.8001,4.58
15.9019,-6.9213,20.7493,5.0165,4.9994,-7.2336,4.59
15.9521,-6.9272,20.7999,5.0664,5.0051,-6.6753,4.6
16.003,-6.9326,20.8511,5.1164,4.9928,-6.1245,4.61
16.0544,-6.9377,20.9028,5.1664,5.0045,-5.5813,4.62
16.1064,-6.9423,20.9549,5.2164,4.9982,-5.0463,4.63
16.1589,-6.9464,21.0076,5.2664,4.9979,-4.5188,4.64
16.2119,-6.9501,21.0608,5.3164,5.0036,-3.9995,4.65
16.2655,-6.9534,21.1145,5.3664,4.9974,-3.4883,4.66
16.3196,-6.9562,21.1686,5.4164,5.0031,-2.9851,4.67
16.3742,-6.9586,21.2233,5.4664,4.997,-2.4899,4.68
16.4293,-6.9605,21.2784,5.5164,5.0026,-2.0026,4.69
16.485,-6.962,21.3341,5.5664,4.9966,-1.5232,4.7
16.5411,-6.963,21.3903,5.6165,5.0022,-1.0516,4.71
16.5978,-6.9636,21.4469,5.6664,5.002,-0.5883,4.72
16.655,-6.9637,21.5041,5.7165,4.9961,-0.1326,4.73
16.7127,-6.9634,21.5618,5.7665,5.0017,0.3156,4.74
16.7708,-6.9626,21.62,5.8165,5.0015,0.7557,4.75
16.8294,-6.9614,21.6786,5.8664,5.0014,1.188,4.76
16.8886,-6.9598,21.7378,5.9164,4.9955,1.613,4.77
16.9482,-6.9577,21.7975,5.9665,5.0011,2.0307,4.78
17.0083,-6.9551,21.8576,6.0165,5.001,2.4409,4.79
17.0689,-6.9521,21.9183,6.0665,5.0009,2.8436,4.8
17.1299,-6.9486,21.9794,6.1165,5.0008,3.2389,4.81
17.1914,-6.9447,22.041,6.1664,5.0007,3.6269,4.82
17.2535,-6.9404,22.1033,6.2164,4.995,4.0083,4.83
17.3159,-6.9356,22.1659,6.2664,5.0061,4.3825,4.84
17.3789,-6.9304,22.2291,6.3164,4.9948,4.7498,4.85
17.4424,-6.9247,22.2928,6.3665,5.0004,5.1106,4.86
17.5061,-6.9186,22.3568,6.4164,5.0059,5.4643,4.87
17.5705,-6.912,22.4215,6.4664,4.9947,5.8114,4.88
17.6353,-6.905,22.4867,6.5164,5.0002,6.1523,4.89
17.7006,-6.8976,22.5524,6.5664,5.0002,6.4867,4.9
17.7663,-6.8898,22.6186,6.6164,5.0001,6.8148,4.91
17.8324,-6.8815,22.6853,6.6665,5.0001,7.1366,4.92
17.899,-6.8728,22.7524,6.7165,5.0001,7.4523,4.93
17.9661,-6.8636,22.8201,6.7665,5.0001,7.762,4.94
18.0336,-6.8541,22.8883,6.8165,5,8.0657,4.95
18.1015,-6.8441,22.9569,6.8665,5,8.3635,4.96
18.1698,-6.8337,23.026,6.9164,5.0055,8.6552,4.97
18.2386,-6.8229,23.0956,6.9664,4.9946,8.9413,4.98
18.3078,-6.8116,23.1658,7.0164,5,9.2222,4.99
18.3777,-6.7999,23.2366,7.0664,4.9946,9.4978,5
18.4478,-6.7879,23.3078,7.1165,5.0054,9.768,5.01
18.5184,-6.7754,23.3794,7.1665,5.0001,10.0326,5.02
18.5894,-6.7625,23.4516,7.2165,5.0001,10.2919,5.03
18.6608,-6.7492,23.5242,7.2665,5.0001,10.5461,5.04
18.7326,-6.7355,23.5974,7.3164,5.0001,10.7952,5.05
18.8049,-6.7214,23.671,7.3664,5.0001,11.0392,5.06
18.8776,-6.7069,23.7451,7.4164,5.0002,11.2784,5.07
18.9509,-6.692,23.8199,7.4664,4.9949,11.513,5.08
19.0244,-6.6767,23.895,7.5165,5.0056,11.7427,5.09
19.0984,-6.661,23.9706,7.5664,5.0003,11.9675,5.1
19.1729,-6.6449,24.0469,7.6164,4.9951,12.188,5.11
19.2477,-6.6285,24.1235,7.6664,5.0056,12.4038,5.12
19.3231,-6.6116,24.2007,7.7164,4.9952,12.6151,5.13
19.3988,-6.5944,24.2784,7.7664,5.0005,12.8222,5.14
19.4748,-6.5768,24.3564,7.8164,5.0057,13.0246,5.15
19.5514,-6.5588,24.4351,7.8664,4.9953,13.2228,5.16
19.6284,-6.5404,24.5142,7.9164,5.0006,13.4169,5.17
19.706,-6.5216,24.594,7.9664,4.9955,13.6069,5.18
19.7836,-6.5026,24.674,7.9993,3.2937,13.7927,5.19
19.8613,-6.4833,24.754,8.0001,0.0741,13.9735,5.2
19.9387,-6.4637,24.8339,8.0001,-0.0001,14.1493,5.21
20.0164,-6.4439,24.914,8.0001,-0.0001,14.3203,5.22
20.0938,-6.4239,24.994,8.0001,-0.0001,14.4866,5.23
20.1712,-6.4037,25.074,8.0001,-0.0001,14.6482,5.24
20.2485,-6.3832,25.154,8.0001,-0.0001,14.8053,5.25
20.3257,-6.3626,25.2339,8.0001,-0.0001,14.958,5.26
20.4031,-6.3417,25.3141,8.0001,-0.0001,15.1065,5.27
20.4802,-6.3207,25.394,8.0001,-0.0001,15.2509,5.28
20.5573,-6.2995,25.4739,8.0001,-0.0001,15.3911,5.29
20.6344,-6.278,25.554,8.0001,-0.0001,15.5275,5.3
20.7114,-6.2565,25.6339,8.0001,-0.0001,15.66,5.31
20.7884,-6.2347,25.7139,8,-0.0001,15.7887,5.32
20.8654,-6.2128,25.7939,8,-0.0001,15.9139,5.33
20.9423,-6.1906,25.874,8,-0.0001,16.0355,5.34
21.0191,-6.1684,25.954,8,-0.0001,16.1536,5.35
21.0959,-6.146,26.034,8,-0.0001,16.2682,5.36
21.1727,-6.1234,26.114,8,-0.0001,16.3794,5.37
21.2494,-6.1007,26.194,8,-0.0001,16.4875,5.38
21.326,-6.0779,26.2739,7.985,-1.5017,16.5922,5.39
21.402,-6.0551,26.3533,7.9363,-4.8746,16.6934,5.4
21.4775,-6.0323,26.4321,7.8863,-5.0011,16.7909,5.41
21.5524,-6.0096,26.5104,7.8363,-5.0014,16.8849,5.42
21.6269,-5.9868,26.5883,7.7863,-4.9959,16.9754,5.43
21.7009,-5.9641,26.6657,7.7363,-5.0019,17.0627,5.44
21.7742,-5.9415,26.7425,7.6863,-5.0022,17.1467,5.45
21.8472,-5.9189,26.8189,7.6363,-4.9966,17.2277,5.46
21.9196,-5.8963,26.8947,7.5863,-5.0026,17.3056,5.47
21.9916,-5.8738,26.9702,7.5363,-4.9969,17.3806,5.48
22.063,-5.8513,27.045,7.4863,-5.0031,17.4527,5.49
22.1338,-5.829,27.1193,7.4363,-5.0034,17.522,5.5
22.2044,-5.8066,27.1933,7.3863,-4.9915,17.5886,5.51
22.2741,-5.7844,27.2665,7.3363,-5.01,17.6527,5.52
22.3437,-5.7622,27.3394,7.2863,-4.9917,17.7142,5.53
22.4125,-5.7401,27.4118,7.2363,-5.0043,17.7732,5.54
22.481,-5.7181,27.4837,7.1863,-4.9982,17.8299,5.55
22.5488,-5.6962,27.5549,7.1363,-5.0048,17.8842,5.56
22.6163,-5.6744,27.6259,7.0863,-4.9922,17.9362,5.57
22.6832,-5.6526,27.6963,7.0363,-5.0051,17.9861,5.58
22.7497,-5.631,27.7661,6.9863,-4.9989,18.0338,5.59
22.8157,-5.6095,27.8355,6.9362,-4.999,18.0794,5.6
22.881,-5.5881,27.9043,6.8863,-5.0058,18.123,5.61
22.946,-5.5667,27.9727,6.8363,-4.9927,18.1645,5.62
23.0104,-5.5456,28.0405,6.7863,-5.0062,18.2042,5.63
23.0743,-5.5245,28.1078,6.7363,-4.9997,18.242,5.64
23.138,-5.5035,28.1748,6.6863,-4.9929,18.2779,5.65
23.2009,-5.4827,28.2411,6.6363,-5.0068,18.3121,5.66
23.2634,-5.4619,28.3069,6.5863,-5.0001,18.3446,5.67
23.3255,-5.4413,28.3724,6.5363,-4.9931,18.3753,5.68
23.387,-5.4208,28.4373,6.4862,-5.0073,18.4045,5.69
23.448,-5.4005,28.5015,6.4363,-5.0005,18.4319,5.7
23.5087,-5.3803,28.5655,6.3863,-4.9934,18.4579,5.71
23.5687,-5.3602,28.6288,6.3363,-5.0079,18.4823,5.72
23.6284,-5.3402,28.6917,6.2863,-4.9935,18.5052,5.73
23.6876,-5.3204,28.7541,6.2362,-5.0008,18.5267,5.74
23.7461,-5.3008,28.8158,6.1863,-5.0085,18.5468,5.75
23.8043,-5.2812,28.8772,6.1363,-4.9937,18.5655,5.76
23.8621,-5.2618,28.9382,6.0863,-4.9936,18.5829,5.77
23.9193,-5.2425,28.9985,6.0362,-5.0089,18.5989,5.78
23.9759,-5.2235,29.0583,5.9863,-5.0015,18.6137,5.79
24.0322,-5.2045,29.1177,5.9363,-4.9938,18.6272,5.8
24.088,-5.1857,29.1766,5.8862,-5.0016,18.6396,5.81
24.1433,-5.167,29.235,5.8362,-5.0017,18.6507,5.82
24.1981,-5.1485,29.2928,5.7863,-5.0019,18.6607,5.83
24.2525,-5.1301,29.3502,5.7362,-4.9939,18.6696,5.84
24.3064,-5.1119,29.4071,5.6862,-5.002,18.6774,5.85
24.3598,-5.0938,29.4635,5.6362,-5.0021,18.6842,5.86
24.4127,-5.076,29.5193,5.5862,-5.0022,18.6899,5.87
24.465,-5.0582,29.5746,5.5363,-5.0024,18.6946,5.88
24.517,-5.0406,29.6295,5.4863,-4.994,18.6983,5.89
24.5685,-5.0232,29.6838,5.4363,-5.0025,18.701,5.9
24.6196,-5.0059,29.7378,5.3863,-4.9939,18.7029,5.91
24.67,-4.9888,29.791,5.3363,-5.0113,18.7038,5.92
24.7203,-4.9716,29.8442,5.3002,-3.5926,18.9366,5.93
24.77,-4.954,29.8969,5.2834,-1.6815,19.477,5.94
24.8195,-4.936,29.9495,5.2675,-1.593,20.0193,5.95
24.8687,-4.9175,30.0021,5.2524,-1.5151,20.564,5.96
24.9176,-4.8986,30.0546,5.2379,-1.4425,21.1109,5.97
24.9662,-4.8793,30.1068,5.2242,-1.3672,21.6589,5.98
25.0144,-4.8596,30.1589,5.2113,-1.292,22.2081,5.99
25.0623,-4.8395,30.2109,5.1992,-1.2169,22.7582,6
25.1099,-4.8191,30.2627,5.1878,-1.1419,23.3091,6.01
25.1573,-4.7981,30.3145,5.1771,-1.0651,23.8618,6.02
25.2044,-4.7767,30.3662,5.1672,-0.9919,24.4161,6.03
25.2511,-4.755,30.4178,5.158,-0.9169,24.971,6.04
25.2975,-4.7328,30.4692,5.1496,-0.842,25.5263,6.05
25.3437,-4.7102,30.5207,5.1419,-0.7658,26.0829,6.06
25.3896,-4.6871,30.572,5.135,-0.6923,26.6407,6.07
25.4352,-4.6637,30.6232,5.1289,-0.6174,27.1986,6.08
25.4806,-4.6398,30.6745,5.1234,-0.5416,27.7575,6.09
25.5257,-4.6156,30.7257,5.1188,-0.4676,28.3172,6.1
25.5705,-4.5908,30.777,5.1148,-0.392,28.8777,6.11
25.615,-4.5657,30.828,5.1117,-0.3184,29.4378,6.12
25.6592,-4.5402,30.879,5.1092,-0.2425,29.9976,6.13
25.7032,-4.5142,30.9302,5.1075,-0.1678,30.5586,6.14
25.7469,-4.4878,30.9812,5.1066,-0.0932,31.12,6.15
25.7903,-4.461,31.0322,5.1064,-0.0182,31.6806,6.16
25.8335,-4.4338,31.0833,5.107,0.0566,32.2413,6.17
25.8766,-4.406,31.1345,5.1083,0.1315,32.8028,6.18
25.9193,-4.3779,31.1856,5.1104,0.2068,33.3642,6.19
25.9616,-4.3494,31.2367,5.1132,0.2819,33.9244,6.2
26.0038,-4.3205,31.2879,5.1168,0.3564,34.4841,6.21
26.0457,-4.2911,31.339,5.1211,0.4321,35.0434,6.22
26.0875,-4.2612,31.3904,5.1262,0.5057,35.6029,6.23
26.1288,-4.231,31.4416,5.132,0.5836,36.1617,6.24
26.17,-4.2003,31.493,5.1385,0.6569,36.7188,6.25
26.2109,-4.1691,31.5444,5.1459,0.7321,37.2758,6.26
26.2517,-4.1374,31.5961,5.154,0.8075,37.8326,6.27
26.2922,-4.1054,31.6477,5.1628,0.8845,38.3883,6.28
26.3324,-4.0729,31.6994,5.1724,0.9586,38.9426,6.29
26.3723,-4.0399,31.7511,5.1827,1.0358,39.4955,6.3
26.4122,-4.0065,31.8032,5.1938,1.1081,40.0478,6.31
26.4517,-3.9726,31.8552,5.2057,1.1877,40.5994,6.32
26.491,-3.9382,31.9075,5.2183,1.2618,41.1493,6.33
26.53,-3.9035,31.9597,5.2317,1.34,41.6973,6.34
26.5688,-3.8682,32.0121,5.2458,1.4139,42.2434,6.35
26.6075,-3.8324,32.0648,5.2608,1.4878,42.7892,6.36
26.6459,-3.7962,32.1176,5.2764,1.5692,43.3337,6.37
26.684,-3.7596,32.1704,5.2929,1.646,43.8751,6.38
26.7219,-3.7224,32.2236,5.31,1.7171,44.415,6.39
26.7597,-3.6847,32.2769,5.328,1.7968,44.9543,6.4
26.7971,-3.6467,32.3303,5.3468,1.8768,45.491,6.41
26.8344,-3.608,32.384,5.3663,1.9479,46.0259,6.42
26.8714,-3.5689,32.4378,5.3866,2.0316,46.5589,6.43
26.9082,-3.5293,32.4919,5.4076,2.1058,47.0891,6.44
26.9449,-3.4891,32.5463,5.4295,2.1801,47.6181,6.45
26.9812,-3.4486,32.6007,5.4521,2.265,48.1449,6.46
27.0173,-3.4075,32.6554,5.4755,2.3395,48.6686,6.47
27.0533,-3.3658,32.7105,5.4996,2.4139,49.1909,6.48
27.089,-3.3237,32.7657,5.5246,2.5001,49.7107,6.49
27.1246,-3.281,32.8213,5.5503,2.5709,50.228,6.5
27.1599,-3.2378,32.8771,5.5769,2.6539,50.7435,6.51
27.1949,-3.1942,32.933,5.6042,2.7373,51.2555,6.52
27.2297,-3.15,32.9893,5.6323,2.808,51.7647,6.53
27.2645,-3.1051,33.0461,5.6612,2.8875,52.2727,6.54
27.2988,-3.0598,33.1029,5.691,2.9765,52.7778,6.55
27.333,-3.014,33.16,5.7214,3.0519,53.2792,6.56
27.367,-2.9676,33.2176,5.7527,3.1275,53.7782,6.57
27.4008,-2.9206,33.2754,5.7848,3.2129,54.2749,6.58
27.4344,-2.873,33.3337,5.8178,3.289,54.7691,6.59
27.4677,-2.8251,33.3921,5.8515,3.3804,55.2601,6.6
27.5008,-2.7764,33.4509,5.886,3.4515,55.7477,6.61
27.5338,-2.7271,33.5103,5.9214,3.5333,56.2334,6.62
27.5665,-2.6772,33.5699,5.9577,3.6208,56.7164,6.63
27.599,-2.6269,33.6298,5.9947,3.7034,57.1959,6.64
27.6312,-2.576,33.69,6.0325,3.7863,57.6718,6.65
27.6632,-2.5244,33.7508,6.0711,3.8637,58.1448,6.66
27.6951,-2.4722,33.812,6.1107,3.9471,58.6155,6.67
27.7267,-2.4194,33.8735,6.151,4.037,59.0832,6.68
27.758,-2.3661,33.9353,6.1922,4.1213,59.5471,6.69
27.7892,-2.3121,33.9976,6.2342,4.1998,60.0078,6.7
27.8202,-2.2574,34.0605,6.2771,4.2849,60.4661,6.71
27.8509,-2.2022,34.1237,6.3208,4.3767,60.9211,6.72
27.8814,-2.1463,34.1874,6.3654,4.4563,61.3727,6.73
27.9116,-2.0899,34.2514,6.4109,4.5492,61.8211,6.74
27.9417,-2.0327,34.316,6.4572,4.6294,62.266,6.75
27.9715,-1.9749,34.381,6.5044,4.7166,62.7082,6.76
28.0011,-1.9165,34.4465,6.5524,4.8112,63.1469,6.77
28.0305,-1.8572,34.5126,6.6014,4.8857,63.5827,6.78
28.0596,-1.7975,34.5792,6.6512,4.9799,64.0155,6.79
28.0885,-1.7371,34.646,6.7011,5.0051,64.4441,6.8
28.1172,-1.6759,34.7136,6.7511,4.9913,64.8697,6.81
28.1456,-1.6142,34.7816,6.8011,5.005,65.2923,6.82
28.1738,-1.5517,34.8501,6.8511,4.998,65.7111,6.83
28.2017,-1.4887,34.9191,6.9011,5.0046,66.1263,6.84
28.2294,-1.4248,34.9887,6.9511,4.991,66.5382,6.85
28.2568,-1.3605,35.0586,7.0011,5.0111,66.9464,6.86
28.284,-1.2953,35.1292,7.0511,4.9908,67.3509,6.87
28.3109,-1.2296,35.2002,7.1011,5.0041,67.7521,6.88
28.3375,-1.1632,35.2718,7.1511,4.9973,68.1495,6.89
28.3638,-1.0962,35.3437,7.2012,5.0038,68.543,6.9
28.3899,-1.0285,35.4163,7.2512,4.9971,68.9328,6.91
28.4157,-0.9603,35.4892,7.3011,5.0036,69.3187,6.92
28.4412,-0.8913,35.5628,7.3511,4.9969,69.7008,6.93
28.4664,-0.8218,35.6367,7.4011,5.0034,70.0791,6.94
28.4913,-0.7515,35.7112,7.4511,4.9968,70.4536,6.95
28.5159,-0.6808,35.7862,7.5011,5.0032,70.8242,6.96
28.5403,-0.6092,35.8617,7.5511,4.9967,71.191,6.97
28.5644,-0.537,35.9379,7.6011,4.9966,71.5544,6.98
28.5881,-0.4644,36.0142,7.6511,5.0094,71.9136,6.99
28.6116,-0.3909,36.0914,7.7011,4.9902,72.2689,7
28.6347,-0.3171,36.1688,7.7511,5.0092,72.6205,7.01
28.6575,-0.2425,36.2468,7.8011,4.9964,72.9678,7.02
28.6801,-0.1672,36.3254,7.8511,4.9964,73.3118,7.03
28.7023,-0.0914,36.4044,7.9011,5.0027,73.652,7.04
28.7242,-0.0151,36.4838,7.9511,5.0026,73.9881,7.05
28.7459,0.062,36.5638,7.9943,4.3154,74.3204,7.06
28.767,0.139,36.6437,8.0001,0.5751,74.6478,7.07
28.7878,0.2164,36.7238,8.0001,-0.0001,74.9695,7.08
28.8081,0.2938,36.8039,8.0001,-0.0001,75.2861,7.09
28.828,0.3712,36.8838,8.0001,-0.0001,75.5968,7.1
28.8475,0.4489,36.9639,8.0001,-0.0001,75.9022,7.11
28.8666,0.5265,37.0438,8.0001,-0.0001,76.2023,7.12
28.8852,0.6042,37.1237,8.0001,-0.0001,76.4969,7.13
28.9035,0.6822,37.2038,8,-0.0001,76.7868,7.14
28.9215,0.7602,37.2839,8,-0.0001,77.0721,7.15
28.939,0.8382,37.3638,8,-0.0001,77.3521,7.16
28.9561,0.9164,37.4438,8,-0.0001,77.6274,7.17
28.9729,0.9946,37.5239,8,-0.0001,77.8983,7.18
28.9893,1.073,37.6039,8,-0.0001,78.1646,7.19
29.0053,1.1513,37.6839,8,-0.0001,78.4264,7.2
29.021,1.2297,37.7639,8,-0.0001,78.6836,7.21
29.0364,1.3082,37.8438,8,-0.0001,78.9366,7.22
29.0514,1.3869,37.9239,8,-0.0001,79.1855,7.23
29.0661,1.4654,38.0037,8,-0.0001,79.4303,7.24
29.0804,1.5441,38.0838,8,-0.0001,79.6708,7.25
29.0944,1.6228,38.1637,8,-0.0001,79.9077,7.26
29.1081,1.7017,38.2438,8,-0.0001,80.1408,7.27
29.1215,1.7807,38.3239,8,-0.0001,80.3703,7.28
29.1346,1.8596,38.4039,8,-0.0001,80.5959,7.29
29.1474,1.9385,38.4839,8,-0.0001,80.8177,7.3
29.1598,2.0174,38.5637,8,-0.0001,81.0357,7.31
29.172,2.0965,38.6438,8,-0.0001,81.2504,7.32
29.1839,2.1758,38.7239,8,-0.0001,81.462,7.33
29.1954,2.2548,38.8038,8,-0.0001,81.6701,7.34
29.2067,2.334,38.8838,8,-0.0001,81.8746,7.35
29.2178,2.4134,38.9639,8,-0.0001,82.0762,7.36
29.2286,2.4927,39.0439,8,-0.0001,82.2747,7.37
29.239,2.5719,39.1239,8,-0.0001,82.4699,7.38
29.2492,2.6511,39.2037,8,-0.0001,82.6618,7.39
29.2592,2.7307,39.2839,8,-0.0001,82.8509,7.4
29.2689,2.8099,39.3638,8,-0.0001,83.0371,7.41
29.2783,2.8893,39.4437,8,-0.0001,83.2202,7.42
29.2875,2.9689,39.5238,8,-0.0001,83.4007,7.43
29.2965,3.0483,39.6037,8,-0.0001,83.5783,7.44
29.3052,3.1279,39.6838,8,-0.0001,83.7532,7.45
29.3136,3.2074,39.7637,8,-0.0001,83.9254,7.46
29.3219,3.287,39.8438,8,-0.0001,84.0949,7.47
29.3299,3.3667,39.9239,8,-0.0001,84.262,7.48
29.3377,3.4463,40.0039,8,-0.0001,84.4264,7.49
29.3452,3.526,40.0839,8,-0.0001,84.5883,7.5
29.3525,3.6056,40.1639,8,-0.0001,84.7477,7.51
29.3596,3.6853,40.2439,8,-0.0001,84.9045,7.52
29.3665,3.7651,40.3239,8,-0.0001,85.0591,7.53
29.3732,3.8447,40.4039,8,-0.0001,85.2113,7.54
29.3797,3.9245,40.4838,8,-0.0001,85.361,7.55
29.3859,4.0043,40.5639,8,-0.0001,85.5086,7.56
29.392,4.0839,40.6438,8,-0.0001,85.6539,7.57
29.3978,4.1637,40.7237,8,-0.0001,85.7968,7.58
29.4035,4.2434,40.8037,8,-0.0001,85.9376,7.59
29.409,4.3233,40.8838,8,-0.0001,86.0764,7.6
29.4143,4.4032,40.9639,8,-0.0001,86.2131,7.61
29.4194,4.483,41.0438,8,-0.0001,86.3476,7.62
29.4243,4.5628,41.1237,8,-0.0001,86.48,7.63
29.429,4.6426,41.2037,8,-0.0001,86.6103,7.64
29.4336,4.7225,41.2838,8,-0.0001,86.7388,7.65
29.4379,4.8024,41.3638,8,-0.0001,86.8652,7.66
29.4421,4.8824,41.4439,8,-0.0001,86.9898,7.67
29.4462,4.9622,41.5237,8,-0.0001,87.1123,7.68
29.45,5.0422,41.6039,8,-0.0001,87.2329,7.69
29.4537,5.122,41.6838,8,-0.0001,87.3517,7.7
29.4573,5.2021,41.7639,8,-0.0001,87.4686,7.71
29.4606,5.2819,41.8438,8,-0.0001,87.5837,7.72
29.4639,5.3618,41.9238,8,-0.0001,87.6969,7.73
29.4669,5.4419,42.0039,8,-0.0001,87.8084,7.74
29.4698,5.5218,42.0838,8,-0.0001,87.9181,7.75
29.4726,5.6016,42.1638,8,-0.0001,88.0259,7.76
29.4752,5.6817,42.2439,8,-0.0001,88.1321,7.77
29.4776,5.7616,42.3238,8,-0.0001,88.2366,7.78
29.48,5.8417,42.4039,8,-0.0001,88.3394,7.79
29.4821,5.9215,42.4838,8,-0.0001,88.4404,7.8
29.4842,6.0015,42.5638,8,-0.0001,88.5398,7.81
29.4861,6.0815,42.6438,8,-0.0001,88.6376,7.82
29.4878,6.1615,42.7238,8,-0.0001,88.7337,7.83
29.4895,6.2415,42.8038,8,-0.0001,88.8282,7.84
29.491,6.3214,42.8837,8,-0.0001,88.921,7.85
29.4924,6.4015,42.9638,8,-0.0001,89.0123,7.86
29.4936,6.4815,43.0439,8,-0.0001,89.102,7.87
29.4948,6.5615,43.1239,8,-0.0001,89.1902,7.88
29.4958,6.6414,43.2038,8,-0.0001,89.2767,7.89
29.4967,6.7213,43.2837,8,-0.0001,89.3616,7.9
29.4974,6.8014,43.3638,8,-0.0001,89.445,7.91
29.4981,6.8814,43.4438,8,-0.0001,89.5269,7.92
29.4986,6.9615,43.5239,8,-0.0001,89.6073,7.93
29.4991,7.0413,43.6037,8,-0.0001,89.6861,7.94
29.4994,7.1215,43.6839,8,-0.0001,89.7634,7.95
29.4996,7.2014,43.7638,8,-0.0001,89.8393,7.96
29.4998,7.2815,43.8439,8,-0.0001,89.9136,7.97
29.4998,7.3614,43.9238,8,-0.0001,89.9863,7.98
29.4997,7.4415,44.0039,8,-0.0001,90.0576,7.99
29.4995,7.5214,44.0838,8,-0.0001,90.1275,8
29.4992,7.6015,44.1639,8,-0.0001,90.1958,8.01
29.4989,7.6815,44.2439,8,-0.0001,90.2626,8.02
29.4984,7.7614,44.3238,8,-0.0001,90.3279,8.03
29.4979,7.8413,44.4037,8,-0.0001,90.3917,8.04
29.4972,7.9214,44.4838,8,-0.0001,90.4541,8.05
29.4965,8.0013,44.5637,8,-0.0001,90.5149,8.06
29.4957,8.0814,44.6438,8,-0.0001,90.5743,8.07
29.4948,8.1615,44.7239,8,-0.0001,90.6323,8.08
29.4939,8.2414,44.8039,8,-0.0001,90.6887,8.09
29.4928,8.3215,44.8839,8,-0.0001,90.7436,8.1
29.4917,8.4013,44.9638,8,-0.0001,90.7969,8.11
29.4905,8.4813,45.0437,8,-0.0001,90.8488,8.12
29.4893,8.5613,45.1238,8,-0.0001,90.8991,8.13
29.488,8.6413,45.2038,8,-0.0001,90.948,8.14
29.4866,8.7214,45.2839,8,-0.0001,90.9953,8.15
29.4851,8.8014,45.3639,8,-0.0001,91.0411,8.16
29.4836,8.8813,45.4438,8,-0.0001,91.0852,8.17
29.482,8.9613,45.5238,8,-0.0001,91.1279,8.18
29.4804,9.0413,45.6038,8,-0.0001,91.1689,8.19
29.4787,9.1213,45.6839,7.9999,-0.0001,91.2084,8.2
29.477,9.2013,45.7639,7.9999,-0.0001,91.2463,8.21
29.4752,9.2811,45.8437,7.9999,-0.0001,91.2825,8.22
29.4733,9.3612,45.9238,7.9999,-0.0001,91.3171,8.23
29.4714,9.4412,46.0038,7.9999,-0.0001,91.3501,8.24
29.4695,9.5212,46.0838,7.9999,-0.0001,91.3813,8.25
29.4675,9.6012,46.1638,7.9999,-0.0001,91.4109,8.26
29.4655,9.6811,46.2438,7.9999,-0.0001,91.4388,8.27
29.4635,9.761,46.3237,7.9999,-0.0001,91.4649,8.28
29.4614,9.8411,46.4038,7.9999,-0.0001,91.4892,8.29
29.4593,9.9211,46.4839,7.9999,-0.0001,91.5118,8.3
29.4572,10.0011,46.5639,7.9999,-0.0001,91.5325,8.31
29.455,10.0809,46.6438,7.9999,-0.0001,91.5513,8.32
29.4528,10.161,46.7238,7.9999,-0.0002,91.5683,8.33
29.4506,10.2409,46.8038,7.9999,-0.0002,91.5833,8.34
29.4484,10.3208,46.8837,7.9999,-0.0002,91.5964,8.35
29.4461,10.4009,46.9639,7.9999,-0.0002,91.6074,8.36
29.4439,10.4808,47.0438,7.9999,-0.0002,91.6164,8.37
29.4416,10.5607,47.1238,7.9999,-0.0002,91.6234,8.38
29.4393,10.6407,47.2038,7.9999,-0.0002,91.6281,8.39
29.4371,10.7206,47.2837,7.9999,-0.0002,91.6307,8.4
29.4348,10.8008,47.3639,7.9999,-0.0002,91.6311,8.41
29.4325,10.8806,47.4437,7.9999,-0.0002,91.6291,8.42
29.4302,10.9606,47.5238,7.9999,-0.0002,91.6248,8.43
29.428,11.0406,47.6038,7.9999,-0.0002,91.6181,8.44
29.4257,11.1205,47.6837,7.9999,-0.0002,91.6089,8.45
29.4235,11.2006,47.7638,7.9999,-0.0002,91.5971,8.46
29.4213,11.2804,47.8437,7.9999,-0.0002,91.5827,8.47
29.4191,11.3604,47.9238,7.9999,-0.0002,91.5655,8.48
29.4169,11.4404,48.0038,7.9999,-0.0002,91.5456,8.49
29.4148,11.5204,48.0838,7.9999,-0.0002,91.5227,8.5
29.4127,11.6003,48.1637,7.9999,-0.0002,91.4969,8.51
29.4107,11.6803,48.2438,7.9999,-0.0002,91.4679,8.52
29.4087,11.7602,48.3237,7.9999,-0.0002,91.4358,8.53
29.4067,11.8402,48.4037,7.9999,-0.0002,91.4003,8.54
29.4048,11.9203,48.4838,7.9999,-0.0002,91.3613,8.55
29.403,12.0003,48.5638,7.9999,-0.0002,91.3187,8.56
29.4012,12.0803,48.6438,7.9999,-0.0002,91.2724,8.57
29.3995,12.1603,48.7238,7.9999,-0.0002,91.2222,8.58
29.3979,12.2403,48.8038,7.9999,-0.0002,91.1679,8.59
29.3963,12.3202,48.8838,7.9999,-0.0002,91.1094,8.6
29.3949,12.4002,48.9638,7.9999,-0.0003,91.0465,8.61
29.3935,12.4801,49.0437,7.9999,-0.0003,90.979,8.62
29.3922,12.5601,49.1237,7.9999,-0.0003,90.9066,8.63
29.3911,12.6402,49.2038,7.9999,-0.0003,90.8291,8.64
29.39,12.7201,49.2837,7.9999,-0.0003,90.7462,8.65
29.3891,12.8001,49.3637,7.9999,-0.0003,90.6578,8.66