0.0001,0,0.0001,0,0,-0.0006,0
0.0005,0,0.0005,0.0393,3.75,-0.0031,0.0105
0.0014,0,0.0014,0.0785,3.75,-0.0085,0.0209
0.0026,0,0.0026,0.1286,5.231,-0.0177,0.0305
0.0044,0,0.0044,0.1776,4.8905,-0.0311,0.0405
0.0066,0,0.0066,0.2268,5.0943,-0.0488,0.0502
0.0093,0,0.0093,0.2758,4.9323,-0.0708,0.0601
0.0126,0,0.0126,0.3258,4.962,-0.0977,0.0702
0.0163,0,0.0163,0.3755,5.0628,-0.1289,0.08
0.0207,0,0.0207,0.4258,4.8928,-0.165,0.0903
0.0253,0,0.0253,0.4758,5.1311,-0.2054,0.1
0.0306,-0.0001,0.0306,0.5255,4.9087,-0.2501,0.1102
0.0363,-0.0001,0.0363,0.5757,5.0449,-0.2997,0.1201
0.0426,-0.0001,0.0426,0.6256,4.9824,-0.3537,0.1301
0.0493,-0.0002,0.0493,0.6753,5.0357,-0.412,0.14
0.0566,-0.0003,0.0566,0.7253,4.9387,-0.4752,0.1501
0.0644,-0.0003,0.0644,0.7756,5.0351,-0.5435,0.1601
0.0726,-0.0004,0.0726,0.8256,4.9894,-0.6161,0.1701
0.0813,-0.0005,0.0813,0.8754,5.0295,-0.6931,0.18
0.0907,-0.0006,0.0907,0.9254,4.9542,-0.7751,0.1901
0.1004,-0.0008,0.1004,0.9756,5.0289,-0.8622,0.2001
0.1106,-0.001,0.1106,1.0256,4.993,-0.9537,0.2101
0.1213,-0.0012,0.1213,1.0753,5.0253,-1.0496,0.22
0.1326,-0.0014,0.1326,1.1252,4.9639,-1.1506,0.2301
0.1443,-0.0016,0.1443,1.1752,5.0249,-1.2567,0.24
0.1566,-0.0019,0.1566,1.2253,4.9688,-1.368,0.2501
0.1693,-0.0023,0.1694,1.2754,5.0243,-1.4844,0.2601
0.1826,-0.0026,0.1826,1.3253,4.9972,-1.6053,0.2701
0.1963,-0.0031,0.1963,1.3752,4.998,-1.7315,0.2801
0.2106,-0.0035,0.2106,1.4252,4.9987,-1.8628,0.2901
0.2253,-0.004,0.2254,1.4752,4.9993,-1.9993,0.3001
0.2406,-0.0046,0.2406,1.5253,4.9999,-2.1412,0.3101
0.2563,-0.0052,0.2564,1.5753,5.0004,-2.2882,0.3201
0.2725,-0.0059,0.2726,1.6253,5.0008,-2.4406,0.3301
0.2893,-0.0067,0.2894,1.6752,5.0012,-2.5984,0.34
0.3065,-0.0075,0.3066,1.7252,5.0016,-2.7614,0.35
0.3241,-0.0084,0.3243,1.7751,5.0019,-2.9299,0.36
0.3424,-0.0094,0.3426,1.8251,4.9846,-3.1044,0.3701
0.3611,-0.0105,0.3613,1.8751,5.0208,-3.2843,0.38
0.3803,-0.0116,0.3806,1.925,4.9861,-3.4696,0.39
0.4,-0.0129,0.4003,1.9751,5.0039,-3.6611,0.4
0.4203,-0.0143,0.4206,2.0252,4.9883,-3.8587,0.4101
0.4409,-0.0157,0.4413,2.0752,5.0205,-4.0619,0.42
0.4621,-0.0173,0.4626,2.1251,4.9894,-4.2706,0.43
0.4838,-0.019,0.4843,2.175,5.0052,-4.4855,0.44
0.506,-0.0208,0.5066,2.225,4.9911,-4.7067,0.45
0.5286,-0.0228,0.5293,2.2751,5.0061,-4.9341,0.46
0.5519,-0.0249,0.5526,2.3251,4.9926,-5.1679,0.47
0.5755,-0.0271,0.5763,2.3751,5.0068,-5.4079,0.48
0.5997,-0.0295,0.6006,2.4252,4.9939,-5.6544,0.49
0.6243,-0.0321,0.6254,2.4752,5.0074,-5.9071,0.5
0.6494,-0.0348,0.6506,2.5252,4.995,-6.1663,0.51
0.6749,-0.0377,0.6763,2.5751,5.0078,-6.4319,0.52
0.701,-0.0407,0.7026,2.6251,4.996,-6.7039,0.53
0.7275,-0.044,0.7293,2.6751,4.9967,-6.983,0.54
0.7546,-0.0474,0.7566,2.7251,4.9973,-7.2691,0.55
0.7821,-0.0511,0.7843,2.7751,5.009,-7.5618,0.56
0.81,-0.0549,0.8125,2.8251,4.998,-7.8609,0.57
0.8385,-0.059,0.8413,2.875,4.9986,-8.1672,0.58
0.8674,-0.0633,0.8705,2.925,4.9991,-8.4805,0.59
0.8968,-0.0679,0.9003,2.975,4.9996,-8.8011,0.6
0.9267,-0.0727,0.9305,3.025,5,-9.1287,0.61
0.957,-0.0777,0.9613,3.075,5.0004,-9.4635,0.62
0.9879,-0.0831,0.9926,3.1251,4.9912,-9.806,0.63
1.0191,-0.0887,1.0243,3.1751,5.0108,-10.1556,0.64
1.0508,-0.0946,1.0565,3.2251,5.0014,-10.5116,0.65
1.083,-0.1007,1.0893,3.275,4.9927,-10.8753,0.66
1.1156,-0.1072,1.1226,3.3251,5.0023,-11.2467,0.67
1.1487,-0.114,1.1563,3.3751,5.0025,-11.625,0.68
1.1821,-0.1211,1.1905,3.425,5.0027,-12.0102,0.69
1.2161,-0.1286,1.2253,3.475,4.9945,-12.403,0.7
1.2504,-0.1364,1.2605,3.525,5.0034,-12.8031,0.71
1.2852,-0.1446,1.2963,3.575,4.9954,-13.2107,0.72
1.3205,-0.1531,1.3325,3.625,5.0039,-13.6255,0.73
1.3561,-0.1621,1.3693,3.675,4.9962,-14.0476,0.74
1.3922,-0.1714,1.4066,3.7251,5.0043,-14.4767,0.75
1.4287,-0.1811,1.4443,3.7751,4.9968,-14.9128,0.76
1.4655,-0.1912,1.4825,3.825,5.0046,-15.3558,0.77
1.5028,-0.2018,1.5213,3.875,4.9973,-15.8055,0.78
1.5405,-0.2128,1.5606,3.925,4.9977,-16.2625,0.79
1.5786,-0.2242,1.6003,3.975,5.005,-16.7258,0.8
1.617,-0.2361,1.6405,4.025,4.998,-17.1954,0.81
1.6558,-0.2485,1.6813,4.075,4.9983,-17.6718,0.82
1.6951,-0.2613,1.7226,4.125,4.9985,-18.1546,0.83
1.7346,-0.2747,1.7643,4.175,5.0054,-18.6431,0.84
1.7745,-0.2885,1.8065,4.225,4.9987,-19.1369,0.85
1.8148,-0.3029,1.8493,4.275,4.9989,-19.6367,0.86
1.8554,-0.3178,1.8925,4.325,4.999,-20.1419,0.87
1.8963,-0.3332,1.9363,4.375,4.9991,-20.6525,0.88
1.9377,-0.3492,1.9806,4.4251,4.9992,-21.168,0.89
1.9792,-0.3657,2.0253,4.4751,5.0054,-21.6876,0.9
2.0211,-0.3828,2.0705,4.525,4.9992,-22.2109,0.91
2.0632,-0.4005,2.1163,4.575,4.9992,-22.7383,0.92
2.1057,-0.4188,2.1625,4.625,4.9992,-23.2693,0.93
2.1485,-0.4376,2.2093,4.675,4.9992,-23.8036,0.94
2.1916,-0.4571,2.2566,4.725,4.9992,-24.3408,0.95
2.2349,-0.4772,2.3043,4.775,5.0048,-24.88,0.96
2.2785,-0.4979,2.3526,4.825,4.9935,-25.4212,0.97
2.3223,-0.5193,2.4013,4.8751,5.0046,-25.9642,0.98
2.3664,-0.5413,2.4506,4.9251,4.9989,-26.5077,0.99
2.4107,-0.5639,2.5003,4.975,5.0041,-27.0515,1
2.4552,-0.5872,2.5506,5.025,4.9934,-27.5957,1.01
2.5,-0.6111,2.6013,5.0751,5.0038,-28.1397,1.02
2.545,-0.6357,2.6526,5.1251,4.9984,-28.6825,1.03
2.5901,-0.661,2.7043,5.1751,5.0034,-29.2236,1.04
2.6355,-0.6869,2.7566,5.225,4.9981,-29.7626,1.05
2.681,-0.7135,2.8093,5.2751,4.998,-30.2995,1.06
2.7268,-0.7408,2.8626,5.3251,5.0028,-30.8332,1.07
2.7726,-0.7688,2.9163,5.375,5.0025,-31.3628,1.08
2.8187,-0.7974,2.9705,5.425,4.9974,-31.8882,1.09
2.8649,-0.8268,3.0253,5.475,4.9973,-32.4094,1.1
2.9112,-0.8568,3.0805,5.525,5.0066,-32.9249,1.11
2.9578,-0.8875,3.1363,5.575,4.9922,-33.4347,1.12
3.0045,-0.9189,3.1926,5.6251,5.006,-33.9383,1.13
3.0512,-0.951,3.2492,5.675,5.0011,-34.4342,1.14
3.0982,-0.9838,3.3065,5.725,4.9963,-34.9229,1.15
3.1453,-1.0172,3.3643,5.775,5.0006,-35.4038,1.16
3.1925,-1.0514,3.4226,5.825,5.0004,-35.8761,1.17
3.2398,-1.0862,3.4813,5.875,5.0002,-36.3392,1.18
3.2873,-1.1217,3.5406,5.9251,5,-36.7926,1.19
3.3349,-1.1579,3.6003,5.9751,4.9998,-37.2359,1.2
3.3825,-1.1946,3.6605,6.025,5.0039,-37.6682,1.21
3.4303,-1.2321,3.7213,6.075,4.9951,-38.0895,1.22
3.4783,-1.2702,3.7825,6.125,5.0034,-38.4994,1.23
3.5263,-1.309,3.8443,6.175,4.999,-38.8969,1.24
3.5745,-1.3484,3.9065,6.225,4.9988,-39.282,1.25
3.6228,-1.3885,3.9693,6.275,5.0028,-39.654,1.26
3.6712,-1.4291,4.0325,6.325,4.9985,-40.0125,1.27
3.7198,-1.4704,4.0963,6.375,4.9984,-40.3573,1.28
3.7685,-1.5123,4.1605,6.425,5.0023,-40.6877,1.29
3.8174,-1.5548,4.2253,6.475,4.9981,-41.0034,1.3
3.8664,-1.5979,4.2905,6.525,5.002,-41.304,1.31
3.9156,-1.6415,4.3563,6.5751,4.9979,-41.5891,1.32
3.965,-1.6857,4.4226,6.6251,5.0017,-41.8583,1.33
4.0145,-1.7305,4.4893,6.6751,5.0016,-42.1111,1.34
4.0642,-1.7758,4.5565,6.725,4.9976,-42.3472,1.35
4.1141,-1.8216,4.6243,6.775,5.0014,-42.5665,1.36
4.1642,-1.868,4.6926,6.8251,4.9974,-42.7684,1.37
4.2145,-1.9148,4.7613,6.875,5.005,-42.9525,1.38
4.265,-1.9621,4.8305,6.925,4.9973,-43.1185,1.39
4.3159,-2.01,4.9003,6.975,4.9973,-43.2663,1.4
4.3669,-2.0582,4.9705,7.025,5.0047,-43.3952,1.41
4.4182,-2.1069,5.0413,7.075,4.9972,-43.5051,1.42
4.4698,-2.156,5.1125,7.125,5.0009,-43.5956,1.43
4.5217,-2.2056,5.1843,7.175,4.9972,-43.6663,1.44
4.5739,-2.2555,5.2565,7.2251,5.0045,-43.717,1.45
4.6265,-2.3058,5.3293,7.275,4.9971,-43.7472,1.46
4.6794,-2.3565,5.4026,7.3251,5.0007,-43.7568,1.47
4.7327,-2.4075,5.4763,7.375,5.0007,-43.7452,1.48
4.7863,-2.4588,5.5505,7.425,5.0007,-43.7122,1.49
4.8404,-2.5104,5.6253,7.471,4.5941,-43.6575,1.5
4.8943,-2.5617,5.6997,7.4467,-2.4324,-43.5812,1.51
4.948,-2.6126,5.7737,7.3967,-4.999,-43.4841,1.52
5.0014,-2.6631,5.8472,7.3467,-4.999,-43.3666,1.53
5.0546,-2.713,5.9201,7.2967,-5.0027,-43.2295,1.54
5.1075,-2.7625,5.9926,7.2467,-4.9991,-43.0732,1.55
5.1602,-2.8115,6.0645,7.1968,-4.9991,-42.8981,1.56
5.2128,-2.86,6.136,7.1467,-4.9991,-42.7048,1.57
5.265,-2.9079,6.2069,7.0968,-5.0028,-42.4939,1.58
5.3172,-2.9553,6.2775,7.0467,-4.9953,-42.2657,1.59
5.3692,-3.0022,6.3475,6.9967,-5.0028,-42.0208,1.6
5.4211,-3.0484,6.4169,6.9467,-4.999,-41.7597,1.61
5.4727,-3.0941,6.4859,6.8967,-5.0029,-41.483,1.62
5.5242,-3.1392,6.5543,6.8467,-4.999,-41.1913,1.63
5.5756,-3.1836,6.6223,6.7968,-4.9989,-40.8847,1.64
5.6269,-3.2275,6.6898,6.7467,-4.9988,-40.5639,1.65
5.678,-3.2708,6.7567,6.6967,-5.0028,-40.2294,1.66
5.7289,-3.3134,6.8232,6.6468,-4.9987,-39.8819,1.67
5.7799,-3.3554,6.8892,6.5968,-4.9986,-39.5215,1.68
5.8307,-3.3967,6.9547,6.5467,-4.9985,-39.1488,1.69
5.8813,-3.4374,7.0197,6.4967,-5.0025,-38.7644,1.7
5.9318,-3.4774,7.0841,6.4467,-5.0025,-38.3694,1.71
5.9822,-3.5167,7.148,6.3968,-4.9982,-37.9638,1.72
6.0326,-3.5554,7.2115,6.3468,-4.9981,-37.5479,1.73
6.0828,-3.5935,7.2745,6.2967,-4.9979,-37.1221,1.74
6.1329,-3.6307,7.3369,6.2467,-5.0065,-36.6876,1.75
6.1829,-3.6674,7.399,6.1967,-4.9934,-36.2446,1.76
6.2327,-3.7033,7.4603,6.1467,-5.0064,-35.7936,1.77
6.2825,-3.7386,7.5214,6.0967,-4.993,-35.3352,1.78
6.3321,-3.7732,7.5818,6.0467,-5.0063,-34.8698,1.79
6.3815,-3.8071,7.6418,5.9968,-4.9972,-34.3983,1.8
6.4309,-3.8403,7.7013,5.9467,-4.997,-33.9204,1.81
6.4801,-3.8727,7.7602,5.8967,-5.0061,-33.4375,1.82
6.5292,-3.9045,7.8187,5.8468,-4.9946,-32.9501,1.83
6.5781,-3.9357,7.8767,5.7981,-4.867,-32.4578,1.84
6.6269,-3.9661,7.9342,5.7525,-4.5601,-31.9615,1.85
6.6756,-3.9959,7.9913,5.71,-4.2461,-31.4616,1.86
6.7242,-4.0251,8.048,5.6705,-3.9541,-30.9582,1.87
6.7728,-4.0537,8.1044,5.6337,-3.6739,-30.4512,1.88
6.8213,-4.0816,8.1604,5.5996,-3.4151,-29.941,1.89
6.8698,-4.109,8.216,5.568,-3.1622,-29.428,1.9
6.9183,-4.1357,8.2714,5.5387,-2.9241,-28.9121,1.91
6.9668,-4.1619,8.3265,5.5118,-2.6966,-28.3937,1.92
7.0153,-4.1876,8.3813,5.487,-2.4785,-27.873,1.93
7.0638,-4.2127,8.436,5.4643,-2.2666,-27.3501,1.94
7.1124,-4.2372,8.4905,5.4437,-2.0651,-26.8245,1.95
7.161,-4.2613,8.5447,5.4249,-1.8726,-26.2973,1.96
7.2098,-4.2848,8.5988,5.4081,-1.681,-25.7682,1.97
7.2585,-4.3078,8.6527,5.3931,-1.5025,-25.2375,1.98
7.3075,-4.3303,8.7066,5.3799,-1.3231,-24.7056,1.99
7.3563,-4.3522,8.7602,5.3683,-1.1545,-24.1726,2
7.4055,-4.3738,8.8139,5.3585,-0.9846,-23.6384,2.01
7.4547,-4.3947,8.8673,5.3502,-0.8253,-23.1032,2.02
7.504,-4.4152,8.9207,5.3436,-0.6654,-22.5679,2.03
7.5535,-4.4353,8.9741,5.3385,-0.5109,-22.0316,2.04
7.6031,-4.4548,9.0275,5.3349,-0.3598,-21.4946,2.05
7.653,-4.4739,9.0808,5.3327,-0.2116,-20.9571,2.06
7.7029,-4.4925,9.1341,5.3321,-0.0665,-20.4199,2.07
7.7531,-4.5106,9.1875,5.3328,0.076,-19.8828,2.08
7.8034,-4.5283,9.2408,5.335,0.2162,-19.3453,2.09
7.854,-4.5455,9.2942,5.3385,0.354,-18.8083,2.1
7.9047,-4.5623,9.3476,5.3434,0.4897,-18.272,2.11
7.9556,-4.5785,9.4011,5.3497,0.6234,-17.7367,2.12
8.0068,-4.5944,9.4546,5.3572,0.7544,-17.2019,2.13
8.0582,-4.6098,9.5084,5.3661,0.8844,-16.6672,2.14
8.1099,-4.6247,9.5621,5.3762,1.0142,-16.1336,2.15
8.1618,-4.6392,9.616,5.3876,1.1404,-15.6011,2.16
8.2139,-4.6533,9.67,5.4003,1.2676,-15.0699,2.17
8.2663,-4.6669,9.7241,5.4142,1.3908,-14.5404,2.18
8.319,-4.68,9.7784,5.4293,1.5143,-14.0119,2.19
8.372,-4.6927,9.8329,5.4457,1.6368,-13.4848,2.2
8.4251,-4.7049,9.8875,5.4633,1.7604,-12.9598,2.21
8.4787,-4.7168,9.9423,5.4821,1.8769,-12.4364,2.22
8.5326,-4.7281,9.9974,5.5021,1.999,-11.9143,2.23
8.5867,-4.739,10.0526,5.5233,2.1207,-11.3947,2.24
8.6411,-4.7495,10.1081,5.5456,2.2341,-10.8773,2.25
8.6959,-4.7595,10.1638,5.5692,2.3547,-10.3616,2.26
8.751,-4.7691,10.2197,5.5939,2.4721,-9.8484,2.27
8.8064,-4.7782,10.2758,5.6198,2.589,-9.3377,2.28
8.8623,-4.7869,10.3323,5.6468,2.7023,-8.8291,2.29
8.9184,-4.7951,10.3891,5.675,2.8217,-8.3228,2.3
8.9749,-4.8028,10.4461,5.7044,2.9376,-7.8194,2.31
9.0318,-4.8101,10.5035,5.7349,3.0494,-7.3186,2.32
9.0891,-4.817,10.5611,5.7666,3.1684,-6.8203,2.33
9.1467,-4.8234,10.6192,5.7994,3.2797,-6.3248,2.34
9.2047,-4.8293,10.6775,5.8333,3.3986,-5.8322,2.35
9.2632,-4.8348,10.7362,5.8685,3.5093,-5.3425,2.36
9.322,-4.8398,10.7952,5.9047,3.6283,-4.8559,2.37
9.3812,-4.8443,10.8546,5.9421,3.7385,-4.3724,2.38
9.441,-4.8484,10.9145,5.9807,3.853,-3.8915,2.39
9.501,-4.8519,10.9746,6.0204,3.9723,-3.414,2.4
9.5615,-4.8551,11.0352,6.0612,4.0823,-2.94,2.41
9.6226,-4.8577,11.0963,6.1032,4.1969,-2.4688,2.42
9.6839,-4.8598,11.1577,6.1463,4.3169,-2.0012,2.43
9.7459,-4.8615,11.2197,6.1906,4.4213,-1.5368,2.44
9.8082,-4.8627,11.282,6.236,4.5472,-1.0754,2.45
9.871,-4.8633,11.3448,6.2826,4.6569,-0.6179,2.46
9.9343,-4.8635,11.4082,6.3336,5.1012,-0.1691,2.47
9.9981,-4.8636,11.472,6.3798,4.6165,-0.0808,2.48
10.0624,-4.8638,11.5363,6.4298,4.9994,-0.2037,2.49
10.1272,-4.8642,11.6011,6.4798,4.9995,-0.322,2.5
10.1925,-4.8647,11.6664,6.5298,4.9997,-0.4359,2.51
10.2583,-4.8653,11.7322,6.5798,4.9999,-0.5455,2.52
10.3247,-4.8661,11.7986,6.6298,5,-0.6508,2.53
10.3915,-4.867,11.8654,6.6798,5.0002,-0.7521,2.54
10.4588,-4.868,11.9327,6.7298,5.0003,-0.8493,2.55
10.5265,-4.8691,12.0004,6.7798,5.0004,-0.9427,2.56
10.5948,-4.8703,12.0687,6.8298,5.0006,-1.0322,2.57
10.6635,-4.8716,12.1374,6.8798,5.0007,-1.1181,2.58
10.7329,-4.8731,12.2069,6.9298,4.9935,-1.2005,2.59
10.8026,-4.8747,12.2765,6.9798,5.0083,-1.2793,2.6
10.8729,-4.8763,12.3469,7.0298,4.9938,-1.3548,2.61
10.9437,-4.8781,12.4177,7.0798,5.0012,-1.4269,2.62
11.0149,-4.8799,12.489,7.1298,5.0014,-1.4958,2.63
11.0866,-4.8819,12.5607,7.1797,5.0015,-1.5615,2.64
11.159,-4.8839,12.6331,7.2297,4.9943,-1.6241,2.65
11.2318,-4.8861,12.7059,7.2798,5.0017,-1.6838,2.66
11.305,-4.8883,12.7792,7.3298,5.0018,-1.7404,2.67
11.3787,-4.8906,12.8529,7.3798,5.0019,-1.794,2.68
11.453,-4.893,12.9273,7.4298,4.9948,-1.8449,2.69
11.5278,-4.8955,13.0021,7.4798,5.0022,-1.8929,2.7
11.603,-4.898,13.0773,7.5297,5.0023,-1.9382,2.71
11.6788,-4.9007,13.1532,7.5797,4.9951,-1.9808,2.72
11.755,-4.9033,13.2295,7.6298,5.0025,-2.0207,2.73
11.8317,-4.9061,13.3062,7.6797,5.0026,-2.058,2.74
11.909,-4.9089,13.3835,7.7297,4.9954,-2.0928,2.75
11.9867,-4.9118,13.4613,7.7797,5.0028,-2.125,2.76
12.065,-4.9148,13.5397,7.8297,4.9957,-2.1547,2.77
12.1438,-4.9178,13.6185,7.8798,5.003,-2.1821,2.78
12.2229,-4.9208,13.6977,7.9297,5.0031,-2.2069,2.79
12.3026,-4.9239,13.7775,7.9795,4.9748,-2.2294,2.8
12.3826,-4.927,13.8574,8.0001,2.0629,-2.2495,2.81
12.4626,-4.9302,13.9376,8.0001,-0.0002,-2.2672,2.82
12.5426,-4.9334,14.0176,8.0001,-0.0002,-2.2826,2.83
12.6225,-4.9366,14.0976,8.0001,-0.0002,-2.2957,2.84
12.7025,-4.9398,14.1776,8.0001,-0.0002,-2.3066,2.85
12.7824,-4.9431,14.2576,8.0001,-0.0002,-2.3153,2.86
12.8623,-4.9463,14.3376,8.0001,-0.0002,-2.3219,2.87
12.9422,-4.9495,14.4175,8.0001,-0.0002,-2.3264,2.88
13.0221,-4.9528,14.4976,8.0001,-0.0002,-2.329,2.89
13.1022,-4.9561,14.5777,8.0001,-0.0002,-2.3296,2.9
13.182,-4.9593,14.6576,8.0001,-0.0002,-2.3283,2.91
13.262,-4.9625,14.7376,8.0001,-0.0002,-2.3252,2.92
13.342,-4.9658,14.8177,8.0001,-0.0002,-2.3203,2.93
13.4218,-4.969,14.8975,8.0001,-0.0002,-2.3136,2.94
13.5016,-4.9722,14.9774,8.0001,-0.0002,-2.3051,2.95
13.5818,-4.9754,15.0577,8.0001,-0.0001,-2.295,2.96
13.6617,-4.9786,15.1377,8.0001,-0.0001,-2.2832,2.97
13.7414,-4.9818,15.2174,8.0001,-0.0001,-2.2697,2.98
13.8214,-4.9849,15.2975,8.0001,-0.0001,-2.2547,2.99
13.9014,-4.9881,15.3775,8.0001,-0.0001,-2.2381,3
13.9814,-4.9912,15.4576,8.0001,-0.0001,-2.2199,3.01
14.0614,-4.9942,15.5377,8.0001,-0.0001,-2.2003,3.02
14.1412,-4.9973,15.6175,8.0001,-0.0001,-2.1791,3.03
14.2212,-5.0003,15.6975,8.0001,-0.0001,-2.1565,3.04
14.3012,-5.0033,15.7776,8.0001,-0.0001,-2.1325,3.05
14.3811,-5.0062,15.8576,8.0001,-0.0001,-2.107,3.06
14.4611,-5.0091,15.9376,8.0001,-0.0001,-2.0801,3.07
14.541,-5.012,16.0176,8.0001,-0.0001,-2.0519,3.08
14.6209,-5.0148,16.0975,8.0001,-0.0001,-2.0223,3.09
14.701,-5.0176,16.1777,8.0001,-0.0001,-1.9913,3.1
14.7808,-5.0203,16.2575,8.0001,-0.0001,-1.959,3.11
14.8608,-5.023,16.3375,8.0001,-0.0001,-1.9254,3.12
14.9407,-5.0256,16.4175,8.0001,-0.0001,-1.8905,3.13
15.0206,-5.0282,16.4975,8.0001,-0.0001,-1.8544,3.14
15.1007,-5.0308,16.5776,8.0001,-0.0001,-1.817,3.15
15.1807,-5.0332,16.6576,8.0001,-0.0001,-1.7782,3.16
15.2606,-5.0357,16.7376,8.0001,-0.0001,-1.7383,3.17
15.3405,-5.038,16.8175,8.0001,-0.0001,-1.6972,3.18
15.4205,-5.0403,16.8975,8.0001,-0.0001,-1.6548,3.19
15.5004,-5.0426,16.9775,8.0001,-0.0001,-1.6112,3.2
15.5805,-5.0448,17.0577,8.0001,-0.0001,-1.5664,3.21
15.6606,-5.0469,17.1377,8.0001,-0.0001,-1.5203,3.22
15.7405,-5.049,17.2176,8.0001,-0.0001,-1.4732,3.23
15.8203,-5.0509,17.2975,8.0001,-0.0001,-1.4249,3.24
15.9002,-5.0529,17.3775,8.0001,-0.0001,-1.3754,3.25
15.9804,-5.0547,17.4576,8,-0.0001,-1.3247,3.26
16.0604,-5.0565,17.5376,8,-0.0001,-1.2728,3.27
16.1402,-5.0582,17.6175,8,-0.0001,-1.2198,3.28
16.2203,-5.0598,17.6976,8,-0.0001,-1.1657,3.29
16.3001,-5.0614,17.7775,8,-0.0001,-1.1105,3.3
16.3802,-5.0628,17.8575,8,-0.0001,-1.0541,3.31
16.4603,-5.0642,17.9377,8,-0.0001,-0.9965,3.32
16.5403,-5.0656,18.0177,8,-0.0001,-0.9377,3.33
16.6202,-5.0668,18.0976,8,-0.0001,-0.878,3.34
16.7002,-5.0679,18.1776,8,-0.0001,-0.8171,3.35
16.7803,-5.069,18.2577,8,-0.0001,-0.755,3.36
16.8603,-5.0699,18.3377,8,-0.0001,-0.6918,3.37
16.9401,-5.0708,18.4175,8,-0.0001,-0.6276,3.38
17.0203,-5.0716,18.4976,8,-0.0001,-0.5622,3.39
17.1003,-5.0723,18.5777,8,-0.0001,-0.4956,3.4
17.1801,-5.0729,18.6575,8,-0.0001,-0.428,3.41
17.2601,-5.0734,18.7375,8,-0.0001,-0.3593,3.42
17.3401,-5.0738,18.8175,8,-0.0001,-0.2894,3.43
17.4202,-5.0741,18.8976,8,-0.0001,-0.2184,3.44
17.5002,-5.0743,18.9776,8,-0.0001,-0.1462,3.45
17.5802,-5.0744,19.0576,8,-0.0001,-0.073,3.46
17.6601,-5.0744,19.1375,8,-0.0001,0.0014,3.47
17.7403,-5.0743,19.2177,8,-0.0001,0.0769,3.48
17.8203,-5.0741,19.2977,8,-0.0001,0.1536,3.49
17.9001,-5.0738,19.3775,8,-0.0001,0.2313,3.5
17.9803,-5.0733,19.4577,8,-0.0001,0.3102,3.51
18.0603,-5.0728,19.5377,8,-0.0001,0.3903,3.52
18.1403,-5.0721,19.6177,8,-0.0001,0.4715,3.53
18.2201,-5.0714,19.6975,8,-0.0001,0.5537,3.54
18.3003,-5.0705,19.7777,8,-0.0001,0.6372,3.55
18.3802,-5.0695,19.8576,8,-0.0001,0.7219,3.56
18.4602,-5.0683,19.9376,8,-0.0001,0.8077,3.57
18.5403,-5.0671,20.0177,8,-0.0001,0.8947,3.58
18.6201,-5.0657,20.0975,8,-0.0001,0.9828,3.59
18.7002,-5.0642,20.1777,8,-0.0001,1.0721,3.6
18.7802,-5.0626,20.2577,8,-0.0001,1.1626,3.61
18.8601,-5.0608,20.3376,8,-0.0001,1.2543,3.62
18.9401,-5.059,20.4177,8,-0.0001,1.3472,3.63
19.0199,-5.0569,20.4975,8,-0.0001,1.4412,3.64
19.1,-5.0548,20.5776,8,-0.0001,1.5364,3.65
19.1798,-5.0525,20.6575,8,-0.0001,1.6329,3.66
19.26,-5.0501,20.7376,8,-0.0001,1.7307,3.67
19.3399,-5.0475,20.8176,8,-0.0001,1.8298,3.68
19.4198,-5.0449,20.8976,8,-0.0001,1.93,3.69
19.4998,-5.042,20.9775,8,-0.0001,2.0314,3.7
19.5797,-5.039,21.0576,8,-0.0001,2.1342,3.71
19.6597,-5.0359,21.1376,8,-0.0001,2.2383,3.72
19.7397,-5.0326,21.2177,8,-0.0001,2.3436,3.73
19.8194,-5.0292,21.2975,8,-0.0001,2.4502,3.74
19.8995,-5.0256,21.3776,8,-0.0001,2.558,3.75
19.9795,-5.0219,21.4577,8,-0.0001,2.6674,3.76
20.0592,-5.0181,21.5376,8,-0.0001,2.7779,3.77
20.1393,-5.014,21.6177,8,-0.0001,2.8897,3.78
20.219,-5.0098,21.6976,8,-0.0001,3.003,3.79
20.2991,-5.0055,21.7777,8,-0.0001,3.1176,3.8
20.3788,-5.001,21.8576,8,-0.0001,3.2335,3.81
20.4586,-4.9963,21.9375,8,-0.0001,3.3507,3.82
20.5386,-4.9914,22.0176,8,-0.0001,3.4695,3.83
20.6183,-4.9864,22.0975,8,-0.0001,3.5896,3.84
20.6983,-4.9813,22.1776,8,-0.0001,3.7112,3.85
20.7779,-4.9759,22.2575,8,-0.0001,3.8342,3.86
20.8579,-4.9704,22.3376,8,-0.0001,3.9586,3.87
20.9375,-4.9647,22.4175,8,-0.0001,4.0845,3.88
21.0174,-4.9588,22.4976,8,-0.0001,4.2119,3.89
21.0973,-4.9528,22.5777,8,-0.0001,4.3409,3.9
21.1768,-4.9465,22.6575,8,-0.0001,4.4713,3.91
21.2566,-4.9401,22.7375,8,-0.0001,4.6031,3.92
21.3364,-4.9335,22.8175,8,-0.0001,4.7366,3.93
21.4161,-4.9267,22.8975,8,-0.0001,4.8717,3.94
21.4958,-4.9197,22.9775,8,-0.0001,5.0083,3.95
21.5754,-4.9125,23.0575,8,-0.0001,5.1464,3.96
21.6553,-4.9052,23.1377,8,-0.0001,5.2864,3.97
21.7348,-4.8976,23.2176,8,-0.0001,5.4279,3.98
21.8146,-4.8898,23.2977,8,-0.0001,5.571,3.99
21.894,-4.8819,23.3776,8,-0.0001,5.7157,4
21.9736,-4.8737,23.4576,8,-0.0001,5.8621,4.01
22.0532,-4.8653,23.5376,8,-0.0001,6.0103,4.02
22.1328,-4.8567,23.6176,8,-0.0001,6.1602,4.03
22.2122,-4.8479,23.6976,8,-0.0001,6.3117,4.04
22.2916,-4.8389,23.7775,8,-0.0001,6.4649,4.05
22.3712,-4.8297,23.8576,8,-0.0001,6.6201,4.06
22.4507,-4.8203,23.9377,8,-0.0001,6.7773,4.07
22.5302,-4.8106,24.0177,8,-0.0001,6.9362,4.08
22.6095,-4.8007,24.0977,8,-0.0001,7.0968,4.09
22.6888,-4.7906,24.1776,8,-0.0001,7.2592,4.1
22.768,-4.7803,24.2575,8,-0.0001,7.4234,4.11
22.8474,-4.7697,24.3376,8,-0.0001,7.5897,4.12
22.9267,-4.7589,24.4176,8,-0.0001,7.758,4.13
23.0059,-4.7479,24.4976,8,-0.0001,7.9282,4.14
23.085,-4.7366,24.5775,8,-0.0001,8.1003,4.15
23.1643,-4.7251,24.6576,8,-0.0001,8.2746,4.16
23.2435,-4.7133,24.7377,8,-0.0001,8.451,4.17
23.3226,-4.7013,24.8176,8,-0.0001,8.6294,4.18
23.4015,-4.6891,24.8976,8,-0.0001,8.8097,4.19
23.4807,-4.6766,24.9777,8,-0.0001,8.9922,4.2
23.5597,-4.6638,25.0577,8,-0.0001,9.1771,4.21
23.6386,-4.6508,25.1377,8,-0.0001,9.364,4.22
23.7174,-4.6375,25.2176,8,-0.0001,9.5529,4.23
23.7963,-4.624,25.2976,8,-0.0001,9.7441,4.24
23.8751,-4.6102,25.3777,8,-0.0001,9.9378,4.25
23.9538,-4.5961,25.4576,8,-0.0001,10.1335,4.26
24.0326,-4.5817,25.5377,8,-0.0001,10.3317,4.27
24.111,-4.5672,25.6174,8,-0.0001,10.532,4.28
24.1898,-4.5522,25.6977,8,0,10.7349,4.29
24.2682,-4.5371,25.7775,8,0,10.9403,4.3
24.3467,-4.5216,25.8576,8,0,11.1478,4.31
24.4251,-4.5058,25.9375,8,0,11.358,4.32
24.5036,-4.4898,26.0176,8,0,11.5708,4.33
24.582,-4.4734,26.0977,8,0,11.7863,4.34
24.6602,-4.4568,26.1776,8,0,12.004,4.35
24.7384,-4.4398,26.2577,8,0,12.2245,4.36
24.8163,-4.4226,26.3374,8,0,12.4474,4.37
24.8945,-4.4051,26.4176,8,0,12.673,4.38
24.9726,-4.3872,26.4977,8,0,12.9018,4.39
25.0505,-4.369,26.5777,8,0,13.133,4.4
25.1282,-4.3505,26.6576,8,0,13.3668,4.41
25.206,-4.3317,26.7376,8,0,13.6034,4.42
25.2836,-4.3126,26.8175,8,0,13.843,4.43
25.3613,-4.2931,26.8976,8,0,14.0856,4.44
25.4388,-4.2733,26.9776,8,0,14.3312,4.45
25.5161,-4.2532,27.0575,8,0,14.5793,4.46
25.5935,-4.2327,27.1375,8,0,14.8306,4.47
25.6709,-4.2118,27.2177,8,0,15.0854,4.48
25.7478,-4.1907,27.2975,8,0,15.3429,4.49
25.8249,-4.1692,27.3775,8,0,15.6032,4.5
25.9019,-4.1473,27.4576,8,0,15.8671,4.51
25.9788,-4.1251,27.5376,8,0,16.1343,4.52
26.0554,-4.1025,27.6174,8,0,16.4043,4.53
26.132,-4.0796,27.6975,8,0,16.6777,4.54
26.2087,-4.0562,27.7776,8,0,16.9548,4.55
26.2852,-4.0325,27.8577,8,0,17.2354,4.56
26.3614,-4.0084,27.9376,8,0,17.5189,4.57
26.4376,-3.9839,28.0177,8,0,17.806,4.58
26.5136,-3.9591,28.0976,8,0,18.0965,4.59
26.5894,-3.9339,28.1775,8,0,18.3902,4.6
26.6654,-3.9082,28.2577,8,0,18.6878,4.61
26.7409,-3.8822,28.3375,8,0,18.9892,4.62
26.8164,-3.8558,28.4175,8,0,19.2937,4.63
26.8918,-3.8289,28.4976,8,0,19.6024,4.64
26.9671,-3.8017,28.5776,8,0,19.9148,4.65
27.042,-3.774,28.6575,8,0,20.2306,4.66
27.1169,-3.746,28.7375,8,0,20.5501,4.67
27.1918,-3.7174,28.8176,8,0,20.874,4.68
27.2664,-3.6885,28.8977,8,0,21.2019,4.69
27.3407,-3.6591,28.9775,8,0,21.5331,4.7
27.415,-3.6293,29.0576,8,0,21.8683,4.71
27.4889,-3.5991,29.1375,8,0,22.2075,4.72
27.5629,-3.5684,29.2175,8,0,22.5508,4.73
27.6367,-3.5372,29.2977,8,0,22.8987,4.74
27.71,-3.5058,29.3775,8,0,23.2501,4.75
27.7835,-3.4736,29.4576,7.9959,-0.4074,23.6057,4.76
27.8562,-3.4413,29.5372,7.9575,-3.8392,23.9649,4.77
27.9281,-3.4088,29.6161,7.9121,-4.555,24.3254,4.78
27.9997,-3.3759,29.6949,7.8673,-4.4691,24.6884,4.79
28.0705,-3.3428,29.7731,7.8232,-4.412,25.0538,4.8
28.1408,-3.3094,29.8509,7.7798,-4.3342,25.4209,4.81
28.2105,-3.2757,29.9284,7.7372,-4.2636,25.7905,4.82
28.2795,-3.2418,30.0052,7.6952,-4.2003,26.1617,4.83
28.348,-3.2076,30.0817,7.654,-4.1238,26.5346,4.84
28.4159,-3.1732,30.1579,7.6135,-4.0545,26.9098,4.85
28.4832,-3.1384,30.2336,7.5736,-3.9852,27.2872,4.86
28.55,-3.1034,30.3091,7.5344,-3.9165,27.6669,4.87
28.6161,-3.0682,30.3839,7.4959,-3.8544,28.048,4.88
28.6816,-3.0327,30.4584,7.4581,-3.7799,28.4307,4.89
28.7468,-2.9969,30.5329,7.421,-3.7059,28.8161,4.9
28.8112,-2.9608,30.6067,7.3845,-3.6504,29.2036,4.91
28.8751,-2.9246,30.6802,7.3487,-3.577,29.5924,4.92
28.9385,-2.888,30.7533,7.3136,-3.5099,29.9833,4.93
29.0011,-2.8513,30.8259,7.2792,-3.4491,30.3754,4.94
29.0634,-2.8142,30.8984,7.2454,-3.3709,30.7695,4.95
29.1252,-2.7768,30.9706,7.2123,-3.3104,31.1661,4.96
29.1864,-2.7392,31.0425,7.1798,-3.2443,31.5646,4.97
29.2469,-2.7015,31.1138,7.1481,-3.1839,31.9641,4.98
29.3071,-2.6633,31.185,7.117,-3.1076,32.3654,4.99
29.3667,-2.625,31.2559,7.0865,-3.0475,32.7692,5
29.4258,-2.5863,31.3265,7.0566,-2.9823,33.1746,5.01
29.4844,-2.5474,31.3968,7.0275,-2.9173,33.5816,5.02
29.5424,-2.5083,31.4668,6.9989,-2.8524,33.9903,5.03
29.6,-2.4689,31.5366,6.971,-2.7879,34.4005,5.04
29.657,-2.4293,31.606,6.9438,-2.7234,34.8121,5.05
29.7134,-2.3894,31.6751,6.9172,-2.6593,35.2253,5.06
29.7694,-2.3493,31.7439,6.8913,-2.5953,35.6398,5.07
29.825,-2.3088,31.8127,6.866,-2.5269,36.0564,5.08
29.8798,-2.2683,31.881,6.8413,-2.4721,36.4743,5.09
29.9344,-2.2273,31.9492,6.8173,-2.3999,36.8935,5.1
29.9884,-2.1861,32.0171,6.7939,-2.3408,37.3146,5.11
30.042,-2.1447,32.0848,6.7712,-2.2775,37.7369,5.12
30.0952,-2.1029,32.1524,6.749,-2.2104,38.161,5.13
30.1476,-2.061,32.2196,6.7275,-2.1553,38.5862,5.14
30.1998,-2.0188,32.2867,6.7066,-2.0849,39.0124,5.15
30.2514,-1.9763,32.3535,6.6864,-2.026,39.4403,5.16
30.3025,-1.9336,32.4201,6.6668,-1.9634,39.8691,5.17
30.3533,-1.8906,32.4867,6.6478,-1.8975,40.2995,5.18
30.4035,-1.8473,32.553,6.6294,-1.8386,40.7315,5.19
30.4533,-1.8038,32.6191,6.6116,-1.7764,41.1642,5.2
30.5027,-1.7599,32.6852,6.5945,-1.7111,41.5983,5.21
30.5514,-1.716,32.7508,6.578,-1.6554,42.0331,5.22
30.5998,-1.6717,32.8164,6.5621,-1.5875,42.4684,5.23
30.6479,-1.6271,32.882,6.5468,-1.5259,42.9059,5.24
30.6954,-1.5822,32.9473,6.5321,-1.4669,43.3446,5.25
30.7424,-1.5371,33.0125,6.5181,-1.4053,43.7836,5.26
30.7889,-1.4918,33.0774,6.5047,-1.3439,44.223,5.27
30.8351,-1.4462,33.1423,6.4919,-1.2801,44.6635,5.28
30.881,-1.4002,33.2073,6.4796,-1.2189,45.1058,5.29
30.9261,-1.3541,33.2718,6.4681,-1.1621,45.5482,5.3
30.9711,-1.3076,33.3365,6.4571,-1.0945,45.9916,5.31
31.0155,-1.261,33.4009,6.4467,-1.0396,46.4358,5.32
31.0594,-1.214,33.4652,6.437,-0.9747,46.8799,5.33
31.1031,-1.1666,33.5296,6.4278,-0.9138,47.3256,5.34
31.1462,-1.1191,33.5938,6.4193,-0.8547,47.772,5.35
31.1889,-1.0714,33.6578,6.4113,-0.7938,48.2182,5.36
31.2312,-1.0233,33.7218,6.404,-0.7317,48.6649,5.37
31.2731,-0.9748,33.7859,6.3973,-0.6709,49.1129,5.38
31.3146,-0.9262,33.8499,6.3912,-0.6116,49.5614,5.39
31.3556,-0.8774,33.9136,6.3857,-0.551,50.0094,5.4
31.3962,-0.8282,33.9774,6.3808,-0.4894,50.4577,5.41
31.4364,-0.7786,34.0412,6.3765,-0.4291,50.9072,5.42
31.4762,-0.7289,34.1049,6.3728,-0.3693,51.3568,5.43
31.5156,-0.6788,34.1687,6.3697,-0.3082,51.8065,5.44
31.5546,-0.6285,34.2323,6.3672,-0.2484,52.2563,5.45
31.5931,-0.5778,34.296,6.3654,-0.1876,52.7062,5.46
31.6314,-0.5268,34.3597,6.3641,-0.1273,53.1568,5.47
31.6691,-0.4756,34.4233,6.3634,-0.0671,53.6073,5.48
31.7064,-0.4242,34.4868,6.3633,-0.0068,54.0568,5.49
31.7434,-0.3723,34.5506,6.3639,0.0532,54.5069,5.5
31.7799,-0.3202,34.6142,6.365,0.1138,54.9575,5.51
31.816,-0.2679,34.6777,6.3668,0.1741,55.407,5.52
31.8518,-0.215,34.7416,6.3691,0.2334,55.8569,5.53
31.8872,-0.162,34.8053,6.372,0.2946,56.3072,5.54
31.922,-0.1088,34.8689,6.3756,0.3549,56.7561,5.55
31.9567,-0.0551,34.9329,6.3797,0.4134,57.2052,5.56
31.9908,-0.0011,34.9967,6.3845,0.4754,57.6546,5.57
32.0246,0.0531,35.0606,6.3898,0.5346,58.1033,5.58
32.0579,0.1076,35.1245,6.3958,0.5958,58.5512,5.59
32.0909,0.1624,35.1884,6.4023,0.6549,58.9982,5.6
32.1235,0.2176,35.2525,6.4095,0.7149,59.4452,5.61
32.1557,0.2732,35.3168,6.4172,0.775,59.8922,5.62
32.1875,0.3292,35.3812,6.4256,0.8353,60.3391,5.63
32.2189,0.3853,35.4454,6.4346,0.8973,60.7849,5.64
32.2499,0.4417,35.5099,6.4441,0.9557,61.2295,5.65
32.2806,0.4986,35.5745,6.4543,1.0159,61.6739,5.66
32.3107,0.5556,35.639,6.465,1.0783,62.117,5.67
32.3407,0.6132,35.7039,6.4764,1.1342,62.5598,5.68
32.3701,0.671,35.7687,6.4884,1.1991,63.002,5.69
32.3992,0.7291,35.8337,6.501,1.257,63.4429,5.7
32.4278,0.7876,35.8989,6.5141,1.3174,63.8833,5.71
32.4562,0.8465,35.9642,6.5279,1.3777,64.323,5.72
32.484,0.9056,36.0295,6.5423,1.4411,64.7611,5.73
32.5115,0.965,36.095,6.5573,1.4985,65.1977,5.74
32.5387,1.0251,36.1609,6.5729,1.5559,65.6343,5.75
32.5654,1.0853,36.2268,6.5891,1.6228,66.0702,5.76
32.5917,1.1458,36.2928,6.6059,1.6802,66.5043,5.77
32.6177,1.2068,36.3591,6.6233,1.7407,66.9375,5.78
32.6432,1.2681,36.4255,6.6413,1.8015,67.3697,5.79
32.6683,1.3296,36.492,6.6599,1.8659,67.8,5.8
32.6931,1.3918,36.5589,6.6792,1.919,68.2293,5.81
32.7175,1.454,36.6257,6.699,1.9876,68.6574,5.82
32.7415,1.5169,36.693,6.7194,2.0404,69.0844,5.83
32.7651,1.58,36.7603,6.7405,2.1097,69.5102,5.84
32.7883,1.6436,36.8281,6.7622,2.1621,69.9348,5.85
32.8111,1.7073,36.8959,6.7944,3.232,70.3474,5.86
32.8338,1.7719,36.9643,6.8291,3.4635,70.6098,5.87
32.8564,1.8368,37.033,6.8791,5.0066,70.8273,5.88
32.8789,1.9024,37.1024,6.9291,4.9942,71.0498,5.89
32.9013,1.9684,37.1721,6.9791,5.0074,71.2771,5.9
32.9236,2.0351,37.2424,7.0291,4.9952,71.5096,5.91
32.9458,2.1025,37.3133,7.0792,4.9959,71.7479,5.92
32.9678,2.1702,37.3845,7.1292,5.0087,71.9914,5.93
32.9897,2.2385,37.4563,7.1791,4.9969,72.2404,5.94
33.0114,2.3075,37.5286,7.2291,4.9976,72.4954,5.95
33.033,2.3771,37.6015,7.2791,4.9982,72.7568,5.96
33.0545,2.4473,37.6749,7.3292,4.9988,73.0245,5.97
33.0756,2.5178,37.7484,7.3792,5.0107,73.2982,5.98
33.0966,2.5891,37.8228,7.4291,4.9886,73.5785,5.99
33.1174,2.6611,37.8977,7.4792,5.0006,73.8663,6
33.1379,2.7333,37.9728,7.5292,5.0119,74.1604,6.01
33.1582,2.8063,38.0486,7.5791,4.9907,74.4617,6.02
33.1783,2.8799,38.1248,7.6291,5.0021,74.7709,6.03
33.1981,2.9542,38.2018,7.6791,4.9923,75.0882,6.04
33.2176,3.0291,38.2791,7.728,4.8822,75.4139,6.05
33.2365,3.1039,38.3563,7.7137,-1.4321,75.746,6.06
33.2549,3.1781,38.4328,7.6637,-5.0019,76.0827,6.07
33.2729,3.2523,38.5091,7.6137,-4.9916,76.4239,6.08
33.2901,3.3257,38.5845,7.5637,-5.012,76.769,6.09
33.3069,3.399,38.6597,7.5138,-4.9914,77.1181,6.1
33.3231,3.4718,38.7343,7.4638,-5.0015,77.4718,6.11
33.3387,3.5442,38.8083,7.4138,-5.0013,77.8296,6.12
33.3538,3.6165,38.8821,7.3638,-4.991,78.1923,6.13
33.3683,3.688,38.9551,7.3138,-5.0113,78.559,6.14
33.3822,3.7594,39.0279,7.2638,-4.9907,78.9298,6.15
33.3956,3.8304,39.1001,7.2138,-5.0007,79.3056,6.16
33.4085,3.9009,39.1717,7.1637,-5.0006,79.6856,6.17
33.4207,3.971,39.2429,7.1137,-5.0004,80.0698,6.18
33.4324,4.0406,39.3135,7.0637,-5.0002,80.4583,6.19
33.4436,4.1099,39.3837,7.0137,-5.0001,80.8511,6.2
33.4542,4.1787,39.4533,6.9637,-4.9999,81.2482,6.21
33.4642,4.2471,39.5224,6.9137,-4.9997,81.6496,6.22
33.4737,4.315,39.591,6.8637,-4.9995,82.0554,6.23
33.4826,4.3826,39.6592,6.8138,-4.9993,82.4656,6.24
33.491,4.4497,39.7268,6.7638,-4.9991,82.8801,6.25
33.4989,4.5164,39.794,6.7137,-4.9988,83.299,6.26
33.5061,4.5825,39.8604,6.6638,-5.0088,83.7215,6.27
33.5129,4.6484,39.9267,6.6139,-4.9882,84.1484,6.28
33.5191,4.7138,39.9924,6.5638,-4.9981,84.5806,6.29
33.5247,4.7786,40.0575,6.5138,-5.0081,85.0163,6.3
33.5299,4.843,40.1221,6.4638,-4.9976,85.4555,6.31
33.5344,4.907,40.1862,6.4138,-4.9973,85.8992,6.32
33.5385,4.9706,40.25,6.3638,-4.9971,86.3472,6.33
33.542,5.0336,40.313,6.3138,-5.007,86.7987,6.34
33.545,5.0961,40.3756,6.2639,-4.9965,87.2537,6.35
33.5475,5.1583,40.4378,6.2139,-4.9888,87.713,6.36
33.5495,5.2198,40.4994,6.1647,-4.9308,88.1757,6.37
33.5509,5.2809,40.5605,6.1165,-4.8234,88.6418,6.38
33.5519,5.3417,40.6212,6.0692,-4.7262,89.1121,6.39
33.5523,5.402,40.6816,6.0228,-4.6291,89.5866,6.4
33.5522,5.4617,40.7413,5.9774,-4.5419,90.0644,6.41
33.5517,5.5211,40.8007,5.933,-4.4363,90.5454,6.42
33.5506,5.5798,40.8594,5.8896,-4.3495,91.0295,6.43
33.5491,5.6384,40.9181,5.8471,-4.2362,91.5177,6.44
33.547,5.6964,40.9761,5.8056,-4.1583,92.01,6.45
33.5445,5.7541,41.0338,5.765,-4.0548,92.5052,6.46
33.5415,5.8111,41.0909,5.7254,-3.9685,93.0034,6.47
33.538,5.868,41.1479,5.6867,-3.858,93.5055,6.48
33.5341,5.9243,41.2043,5.649,-3.7799,94.0113,6.49
33.5296,5.9803,41.2605,5.6122,-3.6783,94.52,6.5
33.5248,6.0359,41.3163,5.5763,-3.5849,95.0323,6.51
33.5194,6.0909,41.3716,5.5414,-3.4991,95.5472,6.52
33.5136,6.1458,41.4268,5.5074,-3.3918,96.0657,6.53
33.5073,6.2001,41.4814,5.4743,-3.3132,96.5877,6.54
33.5006,6.2541,41.5358,5.4422,-3.2139,97.1121,6.55
33.4934,6.3077,41.5899,5.411,-3.1218,97.6398,6.56
33.4857,6.361,41.6438,5.3807,-3.0298,98.1708,6.57
33.4776,6.4139,41.6973,5.3513,-2.9381,98.705,6.58
33.4691,6.4665,41.7506,5.3228,-2.8465,99.2424,6.59
33.4601,6.5186,41.8034,5.2952,-2.761,99.7816,6.6
33.4506,6.5705,41.8562,5.2686,-2.6584,100.3238,6.61
33.4408,6.6219,41.9085,5.2429,-2.5786,100.8687,6.62
33.4304,6.6731,41.9608,5.2181,-2.4771,101.4165,6.63
33.4197,6.7238,42.0127,5.1941,-2.3967,101.9668,6.64
33.4084,6.7744,42.0645,5.1711,-2.2963,102.5197,6.65
33.3968,6.8245,42.1159,5.149,-2.2155,103.075,6.66
33.3847,6.8745,42.1673,5.1278,-2.1161,103.6327,6.67
33.3722,6.9239,42.2182,5.1075,-2.0347,104.1925,6.68
33.3592,6.9732,42.2692,5.0881,-1.9363,104.7545,6.69
33.3458,7.0219,42.3198,5.0696,-1.8544,105.3184,6.7
33.332,7.0706,42.3704,5.052,-1.757,105.8841,6.71
33.3177,7.1189,42.4208,5.0353,-1.6709,106.4528,6.72
33.303,7.167,42.471,5.0195,-1.5812,107.023,6.73
33.2879,7.2147,42.521,5.0045,-1.4914,107.5948,6.74
33.2723,7.262,42.5709,4.9905,-1.4018,108.1678,6.75
33.2564,7.3091,42.6206,4.9774,-1.3123,108.7421,6.76
33.24,7.3559,42.6702,4.9652,-1.2228,109.3175,6.77
33.2231,7.4025,42.7198,4.9539,-1.1309,109.8949,6.78
33.2058,7.4489,42.7693,4.9435,-1.0437,110.4744,6.79
33.1881,7.4949,42.8186,4.9339,-0.954,111.0546,6.8
33.1699,7.5406,42.8678,4.9253,-0.8644,111.6353,6.81
33.1513,7.5862,42.917,4.9175,-0.7731,112.2175,6.82
33.1323,7.6315,42.9662,4.9107,-0.6849,112.8012,6.83
33.1128,7.6765,43.0152,4.9047,-0.595,113.385,6.84
33.0929,7.7212,43.0641,4.8997,-0.5051,113.9687,6.85
33.0726,7.7658,43.1131,4.8955,-0.4143,114.5534,6.86
33.0518,7.8101,43.162,4.8923,-0.325,115.1389,6.87
33.0305,7.8542,43.211,4.89,-0.2342,115.7252,6.88
33.0089,7.8981,43.2599,4.8885,-0.1441,116.312,6.89
32.9868,7.9416,43.3088,4.888,-0.0535,116.8979,6.9
32.9643,7.9849,43.3575,4.8883,0.0373,117.4829,6.91
32.9412,8.0282,43.4066,4.8896,0.1277,118.0692,6.92
32.9178,8.071,43.4554,4.8918,0.2199,118.6554,6.93
32.8939,8.1137,43.5043,4.8949,0.3103,119.2401,6.94
32.8694,8.1563,43.5534,4.8989,0.4018,119.8257,6.95
32.8446,8.1986,43.6025,4.9039,0.4946,120.4107,6.96
32.8194,8.2406,43.6514,4.9098,0.5868,120.9939,6.97
32.7937,8.2824,43.7006,4.9165,0.6779,121.5762,6.98
32.7674,8.3242,43.7499,4.9242,0.7706,122.1586,6.99
32.7408,8.3656,43.7992,4.9329,0.8654,122.7399,7
32.7136,8.4069,43.8486,4.9425,0.9571,123.3199,7.01
32.6859,8.4481,43.8982,4.953,1.0509,123.8996,7.02
32.6579,8.489,43.9478,4.9645,1.1475,124.4777,7.03
32.6293,8.5298,43.9976,4.9769,1.2399,125.0539,7.04
32.6003,8.5702,44.0474,4.9902,1.3376,125.6283,7.05
32.5706,8.6107,44.0976,5.0045,1.4278,126.2017,7.06
32.5406,8.6509,44.1478,5.0198,1.5297,126.774,7.07
32.51,8.691,44.1982,5.0361,1.6235,127.344,7.08
32.479,8.7308,44.2486,5.0533,1.724,127.9114,7.09
32.4474,8.7706,44.2994,5.0715,1.8149,128.4773,7.1
32.4154,8.8101,44.3503,5.0906,1.9206,129.0415,7.11
32.3828,8.8494,44.4014,5.1108,2.016,129.6028,7.12
32.3497,8.8886,44.4527,5.132,2.1157,130.1621,7.13
32.3161,8.9277,44.5042,5.1541,2.2162,130.7193,7.14
32.2819,8.9667,44.5561,5.1773,2.3175,131.2742,7.15
32.2473,9.0053,44.6079,5.2015,2.4241,131.8256,7.16
32.2121,9.0439,44.6602,5.2267,2.5175,132.3745,7.17
32.1762,9.0824,44.7128,5.253,2.626,132.9217,7.18
32.1399,9.1208,44.7656,5.2803,2.7307,133.4661,7.19
32.103,9.159,44.8188,5.3087,2.8364,134.0076,7.2
32.0655,9.1971,44.8722,5.3381,2.943,134.546,7.21
32.0275,9.235,44.9258,5.3686,3.0506,135.0811,7.22
31.989,9.2727,44.9798,5.4002,3.1593,135.613,7.23
31.9498,9.3103,45.0341,5.4328,3.2691,136.1414,7.24
31.91,9.3479,45.0888,5.4666,3.3738,136.6672,7.25
31.8698,9.3852,45.1437,5.5015,3.4987,137.1893,7.26
31.8288,9.4224,45.199,5.5375,3.5992,137.7076,7.27
31.7871,9.4597,45.2549,5.5747,3.714,138.2239,7.28
31.745,9.4966,45.311,5.6131,3.8442,138.7362,7.29
31.7022,9.5335,45.3675,5.6526,3.9479,139.2443,7.3
31.6588,9.5703,45.4244,5.6933,4.0744,139.7491,7.31
31.6146,9.607,45.4818,5.7352,4.1881,140.2505,7.32
31.5699,9.6435,45.5395,5.7784,4.3184,140.7484,7.33
31.5244,9.68,45.5979,5.8228,4.4353,141.2425,7.34
31.4784,9.7164,45.6565,5.8685,4.5698,141.7329,7.35
31.4316,9.7526,45.7158,5.9155,4.6902,142.2194,7.36
31.3842,9.7888,45.7754,5.9637,4.829,142.7019,7.37
31.336,9.8248,45.8355,6.0132,4.9461,143.1803,7.38
31.2872,9.8607,45.8961,6.0632,5.0044,143.6546,7.39
31.2377,9.8965,45.9572,6.1132,4.9964,144.1246,7.4
31.1875,9.9322,46.0188,6.1631,5.0047,144.5903,7.41
31.1366,9.9678,46.0809,6.2131,4.9959,145.0515,7.42
31.0849,10.0033,46.1437,6.2632,4.9958,145.509,7.43
31.0325,10.0387,46.2068,6.3132,5.004,145.9619,7.44
30.9796,10.0738,46.2704,6.3632,5.0037,146.4093,7.45
30.9258,10.1089,46.3346,6.4132,4.9952,146.8521,7.46
30.8715,10.1438,46.3992,6.4632,5.0033,147.29,7.47
30.8165,10.1786,46.4642,6.5131,5.003,147.7225,7.48
30.7607,10.2132,46.5299,6.5631,4.9946,148.15,7.49
30.7043,10.2477,46.596,6.6131,5.0026,148.5726,7.5
30.6471,10.2821,46.6627,6.6632,4.9943,148.9902,7.51
30.5895,10.3162,46.7297,6.7132,5.0104,149.4022,7.52
30.531,10.3502,46.7973,6.7631,4.994,149.8084,7.53
30.4719,10.384,46.8654,6.8131,5.0019,150.2096,7.54
30.412,10.4178,46.9342,6.8631,4.9938,150.6057,7.55
30.3516,10.4512,47.0032,6.9131,5.0096,150.996,7.56
30.2904,10.4846,47.0729,6.9631,4.9935,151.3806,7.57
30.2286,10.5178,47.1431,7.0131,5.0013,151.76,7.58
30.1662,10.5508,47.2137,7.0632,5.0012,152.1337,7.59
30.1031,10.5836,47.2848,7.1131,5.001,152.5016,7.6
30.0395,10.6163,47.3564,7.1631,5.0009,152.8638,7.61
29.9749,10.6489,47.4286,7.2131,4.993,153.2209,7.62
29.91,10.6811,47.5012,7.2632,5.0085,153.5721,7.63
29.8442,10.7133,47.5744,7.3132,4.9928,153.9177,7.64
29.778,10.7453,47.6479,7.3632,5.0082,154.2576,7.65
29.7109,10.7771,47.7221,7.4131,4.9927,154.5918,7.66
29.6433,10.8088,47.7968,7.4632,5.0003,154.9208,7.67
29.5752,10.8402,47.8718,7.5132,5.0079,155.2437,7.68
29.5063,10.8715,47.9475,7.5632,4.9925,155.5609,7.69
29.4367,10.9026,48.0237,7.6132,5.0001,155.8731,7.7
29.3668,10.9335,48.1002,7.6632,5.0076,156.1792,7.71
29.296,10.9643,48.1774,7.7131,4.9924,156.4797,7.72
29.2245,10.995,48.2551,7.7632,4.9999,156.7752,7.73
29.1527,11.0254,48.3331,7.8132,5.0073,157.0648,7.74
29.0801,11.0557,48.4118,7.8632,4.9923,157.3489,7.75
29.007,11.0858,48.4908,7.9131,5.0072,157.6275,7.76
28.9331,11.1158,48.5706,7.9631,4.9922,157.9007,7.77
28.8589,11.1455,48.6506,7.9987,3.551,158.1686,7.78
28.7844,11.175,48.7307,8.0001,0.1415,158.43,7.79
28.71,11.204,48.8105,8.0001,-0.0001,158.6842,7.8
28.6353,11.2328,48.8906,8.0001,-0.0001,158.9318,7.81
28.5606,11.2612,48.9705,8.0001,-0.0001,159.1729,7.82
28.4856,11.2894,49.0506,8.0001,-0.0001,159.4076,7.83
28.4107,11.3172,49.1305,8.0001,-0.0001,159.6361,7.84
28.3355,11.3448,49.2107,8.0001,-0.0001,159.8585,7.85
28.2603,11.372,49.2906,8.0001,-0.0001,160.0748,7.86
28.1851,11.3989,49.3705,8.0001,-0.0001,160.285,7.87
28.1096,11.4257,49.4506,8.0001,-0.0001,160.4897,7.88
28.0342,11.4521,49.5305,8.0001,-0.0001,160.6888,7.89
27.9585,11.4784,49.6106,8.0001,-0.0001,160.8823,7.9
27.883,11.5043,49.6905,8.0001,-0.0001,161.0704,7.91
27.8071,11.53,49.7706,8.0001,-0.0001,161.2531,7.92
27.7312,11.5555,49.8506,8.0001,-0.0001,161.4309,7.93
27.6553,11.5808,49.9306,8.0001,-0.0001,161.6035,7.94
27.5793,11.6058,50.0106,8.0001,-0.0001,161.7711,7.95
27.5033,11.6306,50.0906,8.0001,-0.0001,161.9337,7.96
27.4273,11.6551,50.1705,8.0001,-0.0001,162.0914,7.97
27.351,11.6796,50.2506,8.0001,-0.0001,162.2446,7.98
27.2747,11.7038,50.3306,8.0001,-0.0001,162.3933,7.99
27.1984,11.7278,50.4106,8.0001,-0.0001,162.5374,8
27.1221,11.7516,50.4905,8.0001,-0.0001,162.677,8.01
27.0456,11.7753,50.5706,8.0001,-0.0001,162.8122,8.02
26.9693,11.7987,50.6504,8.0001,-0.0001,162.9431,8.03
26.8925,11.822,50.7307,8.0001,-0.0001,163.0699,8.04
26.8161,11.8451,50.8106,8.0001,-0.0001,163.1926,8.05
26.7393,11.8681,50.8907,8.0001,-0.0001,163.3111,8.06
26.6627,11.8909,50.9707,8.0001,-0.0001,163.4256,8.07
26.5861,11.9136,51.0506,8.0001,-0.0001,163.5361,8.08
26.5092,11.9361,51.1306,8.0001,-0.0001,163.6428,8.09
26.4324,11.9585,51.2106,8.0001,-0.0001,163.7457,8.1
26.3557,11.9807,51.2905,8.0001,-0.0001,163.8448,8.11
26.2788,12.0029,51.3705,8.0001,-0.0001,163.9402,8.12
26.2017,12.0249,51.4507,8,-0.0001,164.0321,8.13
26.125,12.0468,51.5305,8,-0.0001,164.1203,8.14
26.048,12.0685,51.6104,8,-0.0001,164.2048,8.15
25.9709,12.0902,51.6905,8,-0.0001,164.286,8.16
25.8939,12.1118,51.7705,8,-0.0001,164.3638,8.17
25.8167,12.1333,51.8506,8,-0.0001,164.4382,8.18
25.7397,12.1546,51.9306,8,-0.0001,164.5092,8.19
25.6627,12.1759,52.0105,8,-0.0001,164.5768,8.2
25.5853,12.1971,52.0907,8,-0.0001,164.6412,8.21
25.5083,12.2182,52.1705,8,-0.0001,164.7024,8.22
25.4312,12.2392,52.2505,8,-0.0001,164.7604,8.23
25.3539,12.2602,52.3306,8,-0.0001,164.8152,8.24
25.2767,12.2811,52.4105,8,-0.0001,164.8669,8.25
25.1995,12.3019,52.4905,8,-0.0001,164.9155,8.26
25.1221,12.3227,52.5707,8,-0.0001,164.9611,8.27
25.0448,12.3434,52.6506,8,-0.0001,165.0037,8.28
24.9677,12.364,52.7305,8,-0.0001,165.0432,8.29
24.8902,12.3846,52.8107,8,-0.0001,165.0798,8.3
24.8129,12.4052,52.8907,8,-0.0001,165.1135,8.31
24.7357,12.4256,52.9705,8,-0.0001,165.1441,8.32
24.6582,12.4462,53.0507,8,-0.0001,165.172,8.33
24.5811,12.4665,53.1305,8,-0.0001,165.197,8.34
24.5036,12.487,53.2106,8,-0.0001,165.2191,8.35
24.4263,12.5073,53.2905,8,-0.0001,165.2384,8.36
24.349,12.5277,53.3705,8,-0.0001,165.2549,8.37
24.2715,12.5481,53.4506,8,-0.0001,165.2686,8.38
24.194,12.5684,53.5307,8,-0.0001,165.2796,8.39
24.1167,12.5887,53.6107,8,-0.0001,165.2878,8.4
24.0393,12.6091,53.6907,8,-0.0001,165.2932,8.41
23.9621,12.6293,53.7705,8,-0.0001,165.296,8.42
23.8846,12.6497,53.8506,8,-0.0001,165.296,8.43
23.8072,12.67,53.9306,8,-0.0001,165.2934,8.44
23.7299,12.6903,54.0106,8,-0.0001,165.288,8.45
23.6524,12.7106,54.0906,8,-0.0001,165.28,8.46
23.5752,12.7309,54.1705,8,-0.0001,165.2694,8.47
23.4977,12.7513,54.2506,8,-0.0001,165.2561,8.48
23.4204,12.7717,54.3305,8,-0.0001,165.2401,8.49
23.3431,12.7921,54.4105,8,-0.0001,165.2216,8.5
23.2658,12.8125,54.4905,8,-0.0001,165.2004,8.51
23.1884,12.833,54.5706,8,-0.0001,165.1765,8.52
23.1109,12.8535,54.6507,8,-0.0001,165.15,8.53
23.0338,12.874,54.7305,8,-0.0001,165.121,8.54
22.9563,12.8946,54.8107,8,-0.0001,165.0893,8.55
22.8791,12.9152,54.8906,8,-0.0001,165.055,8.56
22.8019,12.9359,54.9705,8,-0.0001,165.0181,8.57
22.7247,12.9566,55.0505,8,-0.0001,164.9787,8.58
22.6474,12.9774,55.1305,8,-0.0001,164.9366,8.59
22.5702,12.9983,55.2105,8,-0.0001,164.8919,8.6
22.493,13.0192,55.2905,8,-0.0001,164.8445,8.61
22.4157,13.0402,55.3705,8,-0.0001,164.7946,8.62
22.3385,13.0612,55.4506,8,-0.0001,164.742,8.63
22.2613,13.0824,55.5306,8,-0.0001,164.6868,8.64
22.1841,13.1036,55.6107,8,-0.0001,164.6289,8.65
22.1069,13.1249,55.6907,8,-0.0001,164.5684,8.66
22.0301,13.1462,55.7705,8,-0.0001,164.5054,8.67
21.9529,13.1677,55.8506,8,-0.0001,164.4398,8.68
21.8758,13.1893,55.9306,8,-0.0001,164.3713,8.69
21.7988,13.2109,56.0107,8,-0.0001,164.3002,8.7
21.7217,13.2327,56.0907,8,-0.0001,164.2265,8.71
21.645,13.2545,56.1705,8,-0.0001,164.1501,8.72
21.5681,13.2764,56.2505,8,-0.0001,164.0712,8.73
21.4912,13.2985,56.3305,8,-0.0001,163.9893,8.74
21.4143,13.3207,56.4105,8,-0.0001,163.9048,8.75
21.3375,13.343,56.4905,8,-0.0001,163.8176,8.76
21.2605,13.3654,56.5707,8,-0.0001,163.7275,8.77
21.1838,13.388,56.6506,8,-0.0001,163.6346,8.78
21.1072,13.4106,56.7305,8,-0.0001,163.5392,8.79
21.0304,13.4334,56.8106,8,-0.0001,163.4408,8.8
20.9539,13.4563,56.8905,8,-0.0001,163.3397,8.81
20.8772,13.4794,56.9705,8,-0.0001,163.2358,8.82
20.8006,13.5027,57.0506,8,-0.0001,163.1288,8.83
20.7241,13.526,57.1306,8,-0.0001,163.0191,8.84
20.6477,13.5495,57.2105,8,-0.0001,162.9065,8.85
20.5714,13.5732,57.2905,8,-0.0001,162.7911,8.86
20.4948,13.597,57.3706,8,-0.0001,162.6726,8.87
20.4184,13.6211,57.4507,8,-0.0001,162.5511,8.88
20.3424,13.6451,57.5305,8,-0.0001,162.4268,8.89
20.2662,13.6695,57.6105,8,-0.0001,162.2996,8.9
20.1898,13.694,57.6907,8,-0.0001,162.169,8.91
20.1138,13.7187,57.7706,8,-0.0001,162.0354,8.92
20.0377,13.7436,57.8507,8,-0.0001,161.8989,8.93
19.9619,13.7685,57.9305,8,-0.0001,161.7594,8.94
19.886,13.7938,58.0105,8,-0.0001,161.6168,8.95
19.8099,13.8192,58.0907,8,-0.0001,161.4707,8.96
19.7343,13.8448,58.1705,8,-0.0001,161.3215,8.97
19.6585,13.8707,58.2506,8,-0.0001,161.1692,8.98
19.5829,13.8967,58.3306,8,-0.0001,161.0136,8.99
19.5074,13.9229,58.4105,8,-0.0001,160.8548,9
19.4317,13.9494,58.4906,8,-0.0001,160.6925,9.01
19.3563,13.9761,58.5707,8,-0.0001,160.5268,9.02
19.281,14.003,58.6507,8,-0.0001,160.3578,9.03
19.2058,14.03,58.7305,8,-0.0001,160.1856,9.04
19.1305,14.0574,58.8106,8,-0.0001,160.0098,9.05
19.0554,14.085,58.8906,8,-0.0001,159.8304,9.06
18.9805,14.1128,58.9705,8,-0.0001,159.6477,9.07
18.9055,14.1409,59.0506,8,-0.0001,159.4613,9.08
18.8307,14.1692,59.1307,8,-0.0001,159.2711,9.09
18.756,14.1978,59.2106,8,-0.0001,159.0776,9.1
18.6813,14.2266,59.2907,8,0,158.8802,9.11
18.6068,14.2557,59.3707,8,0,158.679,9.12
18.5324,14.285,59.4506,8,0,158.4743,9.13
18.4583,14.3146,59.5304,8,0,158.266,9.14
18.3838,14.3446,59.6107,8,0,158.0535,9.15
18.3098,14.3747,59.6906,8,0,157.8369,9.16
18.2358,14.4052,59.7707,8,0,157.6167,9.17
18.162,14.436,59.8506,8,0,157.3924,9.18
18.0884,14.467,59.9305,8,0,157.1644,9.19
18.0147,14.4983,60.0105,8,0,156.9322,9.2
17.9411,14.53,60.0907,8,0,156.6955,9.21
17.8679,14.5619,60.1705,8,0,156.4549,9.22
17.7947,14.5942,60.2505,8,0,156.2105,9.23
17.7216,14.6268,60.3306,8,0,155.9613,9.24
17.6486,14.6597,60.4106,8,0,155.7077,9.25
17.5759,14.6929,60.4906,8,0,155.4502,9.26
17.5033,14.7265,60.5706,8,0,155.1882,9.27
17.4308,14.7604,60.6506,8,0,154.9217,9.28
17.3584,14.7947,60.7307,8,0,154.6506,9.29
17.2863,14.8293,60.8107,8,0,154.375,9.3
17.2145,14.8642,60.8906,8,0,154.0952,9.31
17.1427,14.8995,60.9706,8,0,153.8107,9.32
17.0711,14.9352,61.0505,8,0,153.5215,9.33
16.9996,14.9712,61.1306,8,0,153.2275,9.34
16.9284,15.0076,61.2105,8,0,152.9287,9.35
16.8573,15.0445,61.2906,8,0,152.625,9.36
16.7865,15.0816,61.3706,8,0,152.3165,9.37
16.716,15.1191,61.4505,8,0,152.0035,9.38
16.6455,15.1571,61.5305,8,0,151.6855,9.39
16.5752,15.1955,61.6106,8,0,151.3619,9.4
16.5052,15.2342,61.6907,8,0,151.0333,9.41
16.4355,15.2733,61.7706,8,0,150.7001,9.42
16.3659,15.3129,61.8507,8,0,150.3617,9.43